<?xml version="1.0" encoding="UTF-8"?>
<map map_file="maps/vietnam.swf" tl_long="102.144399" tl_lat="23.393286" br_long="109.462745" br_lat="8.562435" zoom="90%" zoom_x="139.68%" zoom_y="7.02%">

  <areas>
      <area mc_name="VN_AG" title="An Giang"></area>
      <area mc_name="VN_BK" title="Bac Can"></area>
      <area mc_name="VN_BG" title="Bac Giang"></area>
      <area mc_name="VN_BL" title="Bac Lieu"></area>
      <area mc_name="VN_BN" title="Bac Ninh"></area>
      <area mc_name="VN_BV" title="Ba Ria-Vung Tau"></area>
      <area mc_name="VN_BR" title="Ben Tre"></area>
      <area mc_name="VN_BD" title="Binh Dinh"></area>
      <area mc_name="VN_BI" title="Binh Duong"></area>
      <area mc_name="VN_BP" title="Binh Phuoc"></area>
      <area mc_name="VN_BU" title="Binh Thuan"></area>
      <area mc_name="VN_CM" title="Ca Mau"></area>
      <area mc_name="VN_CN" title="Can Tho"></area>
      <area mc_name="VN_CB" title="Cao Bang"></area>
      <area mc_name="VN_DC" title="Dac Lac"></area>
      <area mc_name="VN_DO" title="Dac Nong"></area>
      <area mc_name="VN_DA" title="Da Nang"></area>
      <area mc_name="VN_DB" title="Dien Bien"></area>
      <area mc_name="VN_DN" title="Dong Nai"></area>
      <area mc_name="VN_DT" title="Dong Thap"></area>
      <area mc_name="VN_GL" title="Gia Lai"></area>
      <area mc_name="VN_HG" title="Ha Giang"></area>
      <area mc_name="VN_HD" title="Hai Duong"></area>
      <area mc_name="VN_HP" title="Haiphong"></area>
      <area mc_name="VN_HM" title="Ha Nam"></area>
      <area mc_name="VN_HN" title="Hanoi"></area>
      <area mc_name="VN_HA" title="Ha Tay"></area>
      <area mc_name="VN_HT" title="Ha Tinh"></area>
      <area mc_name="VN_HU" title="Hau Giang"></area>
      <area mc_name="VN_HO" title="Hoa Binh"></area>
      <area mc_name="VN_HC" title="Ho Chi Minh"></area>
      <area mc_name="VN_HY" title="Hung Yen"></area>
      <area mc_name="VN_KH" title="Khanh Hoa"></area>
      <area mc_name="VN_KG" title="Kien Giang"></area>
      <area mc_name="VN_KT" title="Kon Tum"></area>
      <area mc_name="VN_LI" title="Lai Chau"></area>
      <area mc_name="VN_LD" title="Lam Dong"></area>
      <area mc_name="VN_LS" title="Lang Son"></area>
      <area mc_name="VN_LO" title="Lao Cai"></area>
      <area mc_name="VN_LA" title="Long An"></area>
      <area mc_name="VN_ND" title="Nam Dinh"></area>
      <area mc_name="VN_NA" title="Nghe An"></area>
      <area mc_name="VN_NB" title="Ninh Binh"></area>
      <area mc_name="VN_NT" title="Ninh Thuan"></area>
      <area mc_name="VN_PT" title="Phu Tho"></area>
      <area mc_name="VN_PY" title="Phu Yen"></area>
      <area mc_name="VN_QB" title="Quang Binh"></area>
      <area mc_name="VN_QM" title="Quang Nam"></area>
      <area mc_name="VN_QG" title="Quang Ngai"></area>
      <area mc_name="VN_QN" title="Quang Ninh"></area>
      <area mc_name="VN_QT" title="Quang Tri"></area>
      <area mc_name="VN_ST" title="Soc Trang"></area>
      <area mc_name="VN_SL" title="Son La"></area>
      <area mc_name="VN_TN" title="Tay Ninh"></area>
      <area mc_name="VN_TB" title="Thai Binh"></area>
      <area mc_name="VN_TY" title="Thai Nguyen"></area>
      <area mc_name="VN_TH" title="Thanh Hoa"></area>
      <area mc_name="VN_TT" title="Thua Thien-Hue"></area>
      <area mc_name="VN_TG" title="Tien Giang"></area>
      <area mc_name="VN_TV" title="Tra Vinh"></area>
      <area mc_name="VN_TQ" title="Tuyen Quang"></area>
      <area mc_name="VN_VL" title="Vinh Long"></area>
      <area mc_name="VN_VC" title="Vinh Phuc"></area>
      <area mc_name="VN_YB" title="Yen Bai"></area>
      <area title="borders" mc_name="borders_outside" color="#ffffff" balloon="false" alpha="0"></area>
      <area title="borders" mc_name="borders_inside" color="#ffffff" balloon="false"></area>
  </areas>

  <movies>
    <movie title="Hanoi" file="target" color="#CC0000" height="10" width="10" lat="" long="" fixed_size="true"></movie>
  </movies>

  <labels>
    <label x="730" y="75" text_size="18" color="#FFFFFF" remain="false">
      <text>Vietnam</text>
    </label>
  </labels>
</map>