<?xml version="1.0" encoding="UTF-8"?>
<map map_file="maps/jordan.swf" tl_long="34.957763" tl_lat="33.368068" br_long="39.302074" br_lat="29.185660" zoom="90%" zoom_x="38.71%" zoom_y="7.41%">
  <areas>
    <area mc_name="JO_BA" title="Balqa"/>
    <area mc_name="JO_MA" title="Mafraq"/>
    <area mc_name="JO_MD" title="Madaba"/>
    <area mc_name="JO_IR" title="Irbid"/>
    <area mc_name="JO_AM" title="Amman"/>
    <area mc_name="JO_AQ" title="Aqaba"/>
    <area mc_name="JO_AJ" title="Ajlun"/>
    <area mc_name="JO_JA" title="Jarash"/>
    <area mc_name="JO_AZ" title="Zarqa"/>
    <area mc_name="JO_KA" title="Karak"/>
    <area mc_name="JO_MN" title="Ma`an"/>
    <area mc_name="JO_AT" title="Tafilah"/>
    <area title="borders_inside" mc_name="borders_inside" color="#ffffff" balloon="false"></area>
    <area title="borders_outside" mc_name="borders_outside" color="#ffffff" balloon="false"></area>
  </areas>

  <movies>
    <movie title="Amman" file="target" color="#CC0000" height="10" width="10" lat="31.949841" long="35.922371" fixed_size="true"></movie>
  </movies>

  <labels>
    <label x="198" y="535" text_size="18" color="#FFFFFF" remain="false">
      <text>Jordan</text>
    </label>
  </labels>
</map>

