﻿<?xml version="1.0" encoding="UTF-8"?>
<map map_file="maps/czech_republic.swf" tl_long="12.090646" tl_lat="51.054984" br_long="18.859227" br_lat="48.5518" zoom="85%">
  <areas>
    <area mc_name="CZ_JC" title="Jihočeský"></area>
    <area mc_name="CZ_JM" title="Jihomoravský"></area>
    <area mc_name="CZ_KA" title="Karlovarský "></area>
    <area mc_name="CZ_KR" title="Královéhradecký"></area>
    <area mc_name="CZ_LI" title="Liberecký"></area>
    <area mc_name="CZ_MO" title="Moravskoslezský"></area>
    <area mc_name="CZ_OL" title="Olomoucký"></area>
    <area mc_name="CZ_PA" title="Pardubický"></area>
    <area mc_name="CZ_PL" title="Plzeňský"></area>
    <area mc_name="CZ_PR" title="Prague (Praha)"></area>
    <area mc_name="CZ_ST" title="Středočeský"></area>
    <area mc_name="CZ_US" title="Ústecký"></area>
    <area mc_name="CZ_VY" title="Vysočina"></area>
    <area mc_name="CZ_ZL" title="Zlínský"></area>
    <area mc_name="borders" title="borders" color="#FFFFFF" balloon="false"></area>
  </areas>

  <movies>
    <movie title="Prague" file="target" color="#666666" height="10" width="10" lat="50.079077" long="14.43325" fixed_size="true"></movie>
  </movies>

  <labels>
    <label x="133" y="153" text_size="18" color="#FFFFFF" remain="false">
      <text>Czech Republic</text>
    </label>
  </labels>
</map>