<?xml version="1.0" encoding="UTF-8"?>
<map map_file="maps/yemen.swf" tl_long="41.814582" tl_lat="19.005068" br_long="54.535669" br_lat="12.124824" zoom="90%" zoom_x="3.91%" zoom_y="17.79%">
  <areas>
    <area mc_name="YE_AD" title="`Adan"/>
    <area mc_name="YE_AB" title="Abyan"/>
    <area mc_name="YE_BA" title="Al Bayda'"/>
    <area mc_name="YE_DL" title="Al Dali'"/>
    <area mc_name="YE_HU" title="Al Hudaydah"/>
    <area mc_name="YE_JA" title="Al Jawf"/>
    <area mc_name="YE_MR" title="Al Mahrah"/>
    <area mc_name="YE_MW" title="Al Mahwit"/>
    <area mc_name="YE_AA" title="Amanat Al Asimah"/>
    <area mc_name="YE_AM" title="'Amran"/>
    <area mc_name="YE_DH" title="Dhamar"/>
    <area mc_name="YE_HD" title="Hadramaut"/>
    <area mc_name="YE_HJ" title="Hajjah"/>
    <area mc_name="YE_IB" title="Ibb"/>
    <area mc_name="YE_LA" title="Lahij"/>
    <area mc_name="YE_MA" title="Ma'rib"/>
    <area mc_name="YE_RM" title="Raymah"/>
    <area mc_name="YE_SD" title="Sa`dah"/>
    <area mc_name="YE_SN" title="San`a'"/>
    <area mc_name="YE_SH" title="Shabwah"/>
    <area mc_name="YE_TA" title="Ta`izz"/>
    <area title="borders_inside" mc_name="borders_inside" color="#ffffff" balloon="false"></area>
    <area title="borders_outside" mc_name="borders_outside" color="#ffffff" balloon="false"></area>
  </areas>

  <movies>
    <movie title="Sana`a" file="target" color="#CC0000" height="10" width="10" lat="15.356003" long="44.207683" fixed_size="true"></movie>
  </movies>

  <labels>
    <label x="436" y="139" text_size="18" color="#FFFFFF" remain="false">
      <text>Yemen</text>
    </label>
  </labels>
</map>

