﻿<?xml version="1.0" encoding="UTF-8"?>
<map map_file="maps/paraguay.swf" tl_long="-62.640365" tl_lat="-19.296454" br_long="-54.195694" br_lat="-27.628182" zoom="90%" zoom_x="7.18%" zoom_y="3.04%">
  <areas>
    <area mc_name="PY_AG" title="Alto Paraguay"/>
    <area mc_name="PY_AA" title="Alto Paraná"/>
    <area mc_name="PY_AM" title="Amambay"/>
    <area mc_name="PY_AS" title="Asunción"/>
    <area mc_name="PY_BQ" title="Boquerón"/>
    <area mc_name="PY_CG" title="Caaguazú"/>
    <area mc_name="PY_CZ" title="Caazapá"/>
    <area mc_name="PY_CY" title="Canindeyú"/>
    <area mc_name="PY_CE" title="Central"/>
    <area mc_name="PY_CN" title="Concepción"/>
    <area mc_name="PY_CR" title="Cordillera"/>
    <area mc_name="PY_GU" title="Guairá"/>
    <area mc_name="PY_IT" title="Itapúa	"/>
    <area mc_name="PY_MI" title="Misiones"/>
    <area mc_name="PY_NE" title="Ñeembucú"/>
    <area mc_name="PY_PG" title="Paraguarí"/>
    <area mc_name="PY_PH" title="Presidente Hayes"/>
    <area mc_name="PY_SP" title="San Pedro"/>
    <area title="borders" mc_name="borders" color="#ffffff" balloon="false"></area>
  </areas>

  <movies>
    <movie title="Asunción" file="target" color="#CC0000" height="10" width="10" lat="-25.30509" long="-57.621948" fixed_size="true"></movie>
  </movies>

  <labels>
    <label x="168" y="558" text_size="18" color="#FFFFFF" remain="false">
      <text>Paraguay</text>
    </label>
  </labels>
</map>