<?xml version="1.0" encoding="UTF-8"?>
<map map_file="maps/singapore.swf" tl_long="103.618757" tl_lat="1.470952" br_long="104.084977" br_lat="1.179887" zoom="90%" zoom_x="16.92%" zoom_y="5.11%">
  <areas>
      <area mc_name="SG_CS" title="Central Singapore"></area>
      <area mc_name="SG_NE" title="North East"></area>
      <area mc_name="SG_NW" title="North West"></area>
      <area mc_name="SG_SE" title="South East"></area>
      <area mc_name="SG_SW" title="South West"></area>
      <area mc_name="SG_BAR" title="Badock Reservoir" color="#0097FF" balloon="true"></area>
      <area mc_name="SG_KRR" title="Kranji Reservoir" color="#0097FF" balloon="false"></area>
      <area mc_name="SG_LPR" title="Lower Pierce Reservoir" color="#0097FF" balloon="false"></area>
      <area mc_name="SG_MRR" title="MacRitchie Reservoir" color="#0097FF" balloon="false"></area>
      <area mc_name="SG_MUR" title="Murai Reservoir" color="#0097FF" balloon="false"></area>
      <area mc_name="SG_PAR" title="Pandan Reservoir" color="#0097FF" balloon="false"></area>
      <area mc_name="SG_POR" title="Poyan Reservoir" color="#0097FF" balloon="false"></area>
      <area mc_name="SG_UNR1" title="Un-named Reservoir" color="#0097FF" balloon="false"></area>
      <area mc_name="SG_UNR2" title="Un-named Reservoir" color="#0097FF" balloon="false"></area>
      <area mc_name="SG_SAR" title="Sarimbun Reservoir" color="#0097FF" balloon="false"></area>
      <area mc_name="SG_SER" title="Seleter Reservoir" color="#0097FF" balloon="false"></area>
      <area mc_name="SG_UPR" title="Upper Pierce Reservoir" color="#0097FF" balloon="false"></area>-
      <area mc_name="borders_outside" title="borders" color="#FFFFFF" balloon="false" alpha="0"></area>
      <area mc_name="borders_inside" title="borders" color="#FFFFFF" balloon="false"></area>
      <area mc_name="borders_reservoirs" title="reservoir borders" color="#0000FF" balloon="false"></area>
  </areas>

  <movies>
      <movie title="Singapore City" file="target" color="#CC0000" height="5" width="5" lat="1.29393" long="103.85317" fixed_size="true"></movie>
  </movies>

  <labels>
    <label x="730" y="75" text_size="18" color="#FFFFFF" remain="false">
      <text>Singapore</text>
    </label>
  </labels>
</map>