﻿<?xml version="1.0" encoding="UTF-8"?>
<map map_file="maps/guyana.swf" tl_long="-61.389108" tl_lat="8.53476" br_long="-56.470425" br_lat="1.1861" zoom="90%" zoom_x="37.72%" zoom_y="4.02%">
  <areas>
    <area mc_name="GY_BA" title="Barima-Waini"/>
    <area mc_name="GY_CU" title="Cuyuni-Mazaruni"/>
    <area mc_name="GY_DE" title="Demerara-Mahaica"/>
    <area mc_name="GY_EB" title="East Berbice-Corentyne"/>
    <area mc_name="GY_ES" title="Essequibo Islands-West Demerara"/>
    <area mc_name="GY_MA" title="Mahaica-Berbice"/>
    <area mc_name="GY_PM" title="Pomeroon-Supenaam"/>
    <area mc_name="GY_PT" title="Potaro-Siparuni"/>
    <area mc_name="GY_UD" title="Upper Demerara-Berbice"/>
    <area mc_name="GY_UT" title="Upper Takutu-Upper Essequibo"/>
    <area title="borders" mc_name="borders" color="#ffffff" balloon="false"></area>
  </areas>

  <movies>
    <movie title="Georgetown" file="target" color="#CC0000" height="10" width="10" lat="6.80461" long="-58.154831" fixed_size="true"></movie>
  </movies>

  <labels>
    <label x="683" y="166" text_size="18" color="#FFFFFF" remain="false">
      <text>Guyana</text>
    </label>
  </labels>
</map>