﻿<?xml version="1.0" encoding="UTF-8"?>
<map map_file="maps/peru.swf" tl_long="-81.387059" tl_lat="-0.040592" br_long="-68.671816" br_lat="-18.388695" zoom="90%" zoom_x="20.33%" zoom_y="3.15%">
  <areas>
    <area mc_name="PE_AM" title="Amazonas"/>
    <area mc_name="PE_AN" title="Ancash"/>
    <area mc_name="PE_AP" title="Apurímac"/>
    <area mc_name="PE_AR" title="Arequipa"/>
    <area mc_name="PE_AY" title="Ayacucho"/>
    <area mc_name="PE_CJ" title="Cajamarca"/>
    <area mc_name="PE_CL" title="Callao"/>
    <area mc_name="PE_CS" title="Cusco"/>
    <area mc_name="PE_HV" title="Huancavelica"/>
    <area mc_name="PE_HC" title="Huánuco"/>
    <area mc_name="PE_IC" title="Ica"/>
    <area mc_name="PE_JU" title="Junín"/>
    <area mc_name="PE_LL" title="La Libertad"/>
    <area mc_name="PE_LB" title="Lambayeque"/>
    <area mc_name="PE_LP" title="Lima Province"/>
    <area mc_name="PE_LR" title="Lima"/>
    <area mc_name="PE_LO" title="Loreto"/>
    <area mc_name="PE_MD" title="Madre de Dios"/>
    <area mc_name="PE_MQ" title="Moquegua"/>
    <area mc_name="PE_PA" title="Pasco"/>
    <area mc_name="PE_PI" title="Piura"/>
    <area mc_name="PE_PU" title="Puno"/>
    <area mc_name="PE_SM" title="San Martín"/>
    <area mc_name="PE_TA" title="Tacna"/>
    <area mc_name="PE_TU" title="Tumbes"/>
    <area mc_name="PE_UC" title="Ucayali"/>
    <area mc_name="PE_LTC" title="Lake Titicaca" color="#0098FF" balloon="true"/>
    <area title="borders_lake" mc_name="borders_lake" color="#0066FF" balloon="false"></area>
    <area title="borders" mc_name="borders" color="#ffffff" balloon="false"></area>
  </areas>

  <movies>
    <movie title="Lima" file="target" color="#CC0000" height="10" width="10" lat="-12.078517" long="-77.041816" fixed_size="true"></movie>
  </movies>

  <labels>
    <label x="168" y="558" text_size="18" color="#FFFFFF" remain="false">
      <text>Peru</text>
    </label>
  </labels>
</map>