<?xml version="1.0" encoding="UTF-8"?>
<map map_file="maps/qatar.swf" tl_long="50.734055" tl_lat="26.183988" br_long="51.629350" br_lat="24.548398" zoom="90%" zoom_x="85.07%" zoom_y="3.71%">
  <areas>
    <area mc_name="QA_KH" title="Al Khawr"/>
    <area mc_name="QA_US" title="Umm Salal"/>
    <area mc_name="QA_GH" title="Al Ghuwayriyah"/>
    <area mc_name="QA_MS" title="Madinat ach Shamal"/>
    <area mc_name="QA_JU" title="Al Jumayliyah"/>
    <area mc_name="QA_DA" title="Ad Dawhah"/>
    <area mc_name="QA_JB" title="Jariyan al Batnah"/>
    <area mc_name="QA_WA" title="Al Wakrah"/>
    <area mc_name="QA_RA" title="Ar Rayyan"/>
    <area mc_name="QA_ME" title="Mesaieed"/>
    <area title="borders_inside" mc_name="borders_inside" color="#ffffff" balloon="false"></area>
    <area title="borders_outside" mc_name="borders_outside" color="#ffffff" balloon="false"></area>
  </areas>

  <movies>
    <movie title="Doha" file="target" color="#CC0000" height="10" width="10" lat="25.293598" long="51.518735" fixed_size="true"></movie>
  </movies>

  <labels>
    <label x="198" y="535" text_size="18" color="#FFFFFF" remain="false">
      <text>Qatar</text>
    </label>
  </labels>
</map>

