<?xml version="1.0" encoding="UTF-8"?>
<map map_file="maps/uzbekistan.swf" tl_long="55.998114" tl_lat="45.570623" br_long="73.132610" br_lat="37.176913" zoom="90%" zoom_x="7.24%" zoom_y="21.38%">
  <areas>
    <area mc_name="UZ_AN" title="Andijon"></area>
    <area mc_name="UZ_BU" title="Buxoro"></area>
    <area mc_name="UZ_FA" title="Farg`ona"></area>
    <area mc_name="UZ_JI" title="Jizzax"></area>
    <area mc_name="UZ_QR" title="Karakalpakstan"></area>
    <area mc_name="UZ_QA" title="Kashkadarya"></area>
    <area mc_name="UZ_NG" title="Namangan"></area>
    <area mc_name="UZ_NW" title="Navoi"></area>
    <area mc_name="UZ_SA" title="Samarkand"></area>
    <area mc_name="UZ_SI" title="Sirdaryo"></area>
    <area mc_name="UZ_SU" title="Surxondaryo"></area>
    <area mc_name="UZ_TA" title="Tashkent"></area>
    <area mc_name="UZ_TK" title="Tashkent City"></area>
    <area mc_name="UZ_KH" title="Xorazm"></area>
    <area mc_name="TJ_SU" title="Tajikistan enclave" balloon="false"></area>
    <area mc_name="UZ_ARS" title="Aral Sea" color="#0098FF" balloon="false"/>
    <area title="borders_aral_sea" mc_name="borders_aral_sea" color="#0066FF" balloon="false"></area>
    <area title="borders_inside" mc_name="orders_inside" color="#ffffff" balloon="false"></area>
    <area title="borders_outside" mc_name="borders_outside" color="#ffffff" balloon="false"></area>
  </areas>

  <movies>
    <movie title="Tashkent City" file="target" color="#CC0000" height="10" width="10" lat="41.305222" long="69.268959" fixed_size="true"></movie>
  </movies>

  <labels>
    <label x="614" y="244" text_size="18" color="#FFFFFF" remain="false">
      <text>Uzbekistan</text>
    </label>
  </labels>
</map>