<?xml version="1.0" encoding="UTF-8"?>
<map map_file="maps/argentina.swf" tl_long="-73.58106" tl_lat="-21.78505" br_long="-53.649259" br_lat="-55.052478" zoom="90%" zoom_x="65.36%" zoom_y="4.78%">
  <areas>
    <area mc_name="AR_BA" title="Buenos Aires"/>
    <area mc_name="AR_CT" title="Catamarca"/>
    <area mc_name="AR_CC" title="Chaco"/>
    <area mc_name="AR_CH" title="Chubut"/>
    <area mc_name="AR_DF" title="Ciudad Autónoma de Buenos Aires"/>
    <area mc_name="AR_CB" title="Córdoba"/>
    <area mc_name="AR_CN" title="Corrientes"/>
    <area mc_name="AR_ER" title="Entre Ríos"/>
    <area mc_name="AR_FM" title="Formosa"/>
    <area mc_name="AR_JY" title="Jujuy"/>
    <area mc_name="AR_LP" title="La Pampa"/>
    <area mc_name="AR_LR" title="La Rioja"/>
    <area mc_name="AR_MZ" title="Mendoza"/>
    <area mc_name="AR_MN" title="Misiones"/>
    <area mc_name="AR_NQ" title="Neuquén"/>
    <area mc_name="AR_RN" title="Río Negro"/>
    <area mc_name="AR_SA" title="Salta"/>
    <area mc_name="AR_SJ" title="San Juan"/>
    <area mc_name="AR_SL" title="San Luis"/>
    <area mc_name="AR_SC" title="Santa Cruz"/>
    <area mc_name="AR_SF" title="Santa Fe"/>
    <area mc_name="AR_SE" title="Santiago del Estero"/>
    <area mc_name="AR_TF" title="Tierra del Fuego"/>
    <area mc_name="AR_TM" title="Tucumán"/>
    <area title="borders" mc_name="borders" color="#ffffff" balloon="false"></area>
  </areas>

  <movies>
    <movie title="Buenos Aires" file="target" color="#CC0000" height="10" width="10" lat="-34.604301" long="-58.414681" fixed_size="true"></movie>
  </movies>

  <labels>
    <label x="422" y="420" text_size="18" color="#FFFFFF" remain="false">
      <text>Argentina</text>
    </label>
  </labels>
</map>