<?xml version="1.0" encoding="UTF-8"?>
<map map_file="maps/usa.swf" zoom="100%" zoom_x="0%" zoom_y="0%">
  <areas>
    <area mc_name="AL" title="Alabama"></area>
    <area mc_name="AK" title="Alaska"></area>
    <area mc_name="AZ" title="Arizona"></area>
    <area mc_name="AR" title="Arkansas"></area>
    <area mc_name="CA" title="California"></area>
    <area mc_name="CO" title="Colorado"></area>
    <area mc_name="CT" title="Connecticut"></area>
    <area mc_name="DE" title="Delaware"></area>
    <area mc_name="DC" title="District of Columbia"></area>
    <area mc_name="FL" title="Florida"></area>
    <area mc_name="GA" title="Georgia"></area>
    <area mc_name="HI" title="Hawaii"></area>
    <area mc_name="ID" title="Idaho"></area>
    <area mc_name="IL" title="Illinois"></area>
    <area mc_name="IN" title="Indiana"></area>
    <area mc_name="IA" title="Iowa"></area>
    <area mc_name="KS" title="Kansas"></area>
    <area mc_name="KY" title="Kentucky"></area>
    <area mc_name="LA" title="Louisiana"></area>
    <area mc_name="ME" title="Maine"></area>
    <area mc_name="MD" title="Maryland"></area>
    <area mc_name="MA" title="Massachusetts"></area>
    <area mc_name="MI" title="Michigan"></area>
    <area mc_name="MN" title="Minnesota"></area>
    <area mc_name="MS" title="Mississippi"></area>
    <area mc_name="MO" title="Missouri"></area>
    <area mc_name="MT" title="Montana"></area>
    <area mc_name="NE" title="Nebraska"></area>
    <area mc_name="NV" title="Nevada"></area>
    <area mc_name="NH" title="New Hampshire"></area>
    <area mc_name="NJ" title="New Jersey"></area>
    <area mc_name="NM" title="New Mexico"></area>
    <area mc_name="NY" title="New York"></area>
    <area mc_name="NC" title="North Carolina"></area>
    <area mc_name="ND" title="North Dakota"></area>
    <area mc_name="OH" title="Ohio"></area>
    <area mc_name="OK" title="Oklahoma"></area>
    <area mc_name="OR" title="Oregon"></area>
    <area mc_name="PA" title="Pennsylvania"></area>
    <area mc_name="RI" title="Rhode Island"></area>
    <area mc_name="SC" title="South Carolina"></area>
    <area mc_name="SD" title="South Dakota"></area>
    <area mc_name="TN" title="Tennessee"></area>
    <area mc_name="TX" title="Texas"></area>
    <area mc_name="UT" title="Utah"></area>
    <area mc_name="VT" title="Vermont"></area>
    <area mc_name="VA" title="Virginia"></area>
    <area mc_name="WA" title="Washington"></area>
    <area mc_name="WV" title="West Virginia"></area>
    <area mc_name="WI" title="Wisconsin"></area>
    <area mc_name="WY" title="Wyoming"></area>
  </areas>
  
  <movies>
    <movie title="Washington DC. Click to zoom" file="target" color="#CC0000" width="30" height="30" long="134.0162" lat="30.6416" zoom="397.619%" zoom_x="-302.96%" zoom_y="-99.04%" fixed_size="true"></movie>
  </movies>
   
  <labels>
    <label x="49.8193%" y="5.0392%" text_size="18" color="#FFFFFF" remain="false">
      <text>UNITED STATES OF AMERICA</text>
    </label>
  </labels>
</map>
