<?xml version="1.0" encoding="UTF-8"?>
<map map_file="maps/sweden.swf" tl_long="11.107128" tl_lat="69.059404" br_long="24.169513" br_lat="55.337817" zoom="90%" zoom_x="36.68%" zoom_y="4.51%">
  <areas>
    <area mc_name="SE_BL" title="Blekinge"/>
    <area mc_name="SE_KO" title="Dalarna"/>
    <area mc_name="SE_GV" title="Gävleborg"/>
    <area mc_name="SE_GT" title="Gotland"/>
    <area mc_name="SE_HA" title="Halland"/>
    <area mc_name="SE_JA" title="Jämtland"/>
    <area mc_name="SE_JO" title="Jönköping"/>
    <area mc_name="SE_KA" title="Kalmar"/>
    <area mc_name="SE_KR" title="Kronoberg"/>
    <area mc_name="SE_NB" title="Norrbotten"/>
    <area mc_name="SE_OR" title="Örebro"/>
    <area mc_name="SE_OG" title="Östergötland"/>
    <area mc_name="SE_SN" title="Skåne"/>
    <area mc_name="SE_SD" title="Södermanland"/>
    <area mc_name="SE_ST" title="Stockholm"/>
    <area mc_name="SE_UP" title="Uppsala"/>
    <area mc_name="SE_VR" title="Värmland"/>
    <area mc_name="SE_VB" title="Västerbotten"/>
    <area mc_name="SE_VN" title="Västernorrland"/>
    <area mc_name="SE_VM" title="Västmanland"/>
    <area mc_name="SE_VG" title="Västra Götaland"/>
    <area title="borders" mc_name="borders" color="#ffffff" balloon="false"></area>
  </areas>

  <movies>
    <movie title="Stockholm" file="target" color="#CC0000" height="10" width="10" lat="59.332175" long="18.062435" fixed_size="true"></movie>
  </movies>

  <labels>
    <label x="422" y="420" text_size="18" color="#FFFFFF" remain="false">
      <text>Sweden</text>
    </label>
  </labels>
</map>