<?xml version="1.0" encoding="UTF-8"?>
<map map_file="maps/united_kingdom.swf" tl_long="-10.6557" tl_lat="60.8814469837442" br_long="1.7499" br_lat="49.1810510310069" zoom="95%" zoom_x="42.36%" zoom_y="1.8%">
  <areas>
    <area mc_name="GB_ENG" title="England"></area>
    <area mc_name="GB_SCT" title="Scotland"></area>
    <area mc_name="GB_WLS" title="Wales"></area>
    <area mc_name="GB_NIR" title="Northern Ireland"></area>
    <area mc_name="GB_CHA" title="Channel Islands"></area>
    <area mc_name="IM" title="Isle of Man"></area>
    <area mc_name="IE" title="Ireland"></area>
  </areas>
  
  <movies>
    <movie title="Carlisle" file="circle" color="#000000" long="-2.939892" lat="54.901759" width="10" height="10" fixed_size="true"></movie>
    <movie title="Aberdeen" file="circle" color="#000000" long="-2.126617" lat="57.154629" width="10" height="10" fixed_size="true"></movie>
    <movie title="Grimsby" file="circle" color="#000000" long="-0.083002" lat="53.570400" width="10" height="10" fixed_size="true"></movie>
    <movie title="Derby" file="circle" color="#000000" long="-1.480167" lat="52.932575" width="10" height="10" fixed_size="true"></movie>
    <movie title="Galway" file="circle" color="#000000" long="-9.070735" lat="53.283936" width="10" height="10" fixed_size="true"></movie>
    <movie title="Douglas" file="circle" color="#000000" long="-4.524736" lat="54.186474" width="10" height="10" fixed_size="true"></movie>
    <movie title="Plymouth" file="circle" color="#000000" long="-4.170231" lat="50.391577" width="10" height="10" fixed_size="true"></movie>
    <movie title="Belfast" file="circle" color="#000000" long="-5.942754" lat="54.6244" width="10" height="10" fixed_size="true"></movie>
    <movie title="Dublin" file="circle" color="#000000" long="-6.297259" lat="53.371326" width="10" height="10" fixed_size="true"></movie>
    <movie title="London. Click to zoom" file="target" color="#CC0000" long="-0.128056" lat="51.507778" width="30" height="30" zoom="564.2857%" zoom_x="-353.08%" zoom_y="-397.2%" fixed_size="true"></movie>
  </movies>

  <labels>
    <label x="23%" y="9%" text_size="18" color="#FFFFFF" remain="false">
      <text>British Isles</text>
    </label>
  </labels>
</map>