<?xml version="1.0" encoding="UTF-8"?>
<map map_file="maps/nepal.swf" tl_long="80.051322" tl_lat="30.442708" br_long="88.194388" br_lat="26.3495185" zoom="90%" zoom_x="6.01%" zoom_y="7.17%">

  <areas>
      <area mc_name="NA_BA" title="Bagmati"></area>
      <area mc_name="NA_BH" title="Bheri"></area>
      <area mc_name="NA_DH" title="Dhawalagiri"></area>
      <area mc_name="NA_GA" title="Gandaki"></area>
      <area mc_name="NA_JA" title="Janakpur"></area>
      <area mc_name="NA_KA" title="Karnali"></area>
      <area mc_name="NA_KO" title="Kosi"></area>
      <area mc_name="NA_LU" title="Lumbini"></area>
      <area mc_name="NA_MA" title="Mahakali"></area>
      <area mc_name="NA_ME" title="Mechi"></area>
      <area mc_name="NA_NA" title="Narayani"></area>
      <area mc_name="NA_RA" title="Rapti"></area>
      <area mc_name="NA_SA" title="Sagarmatha"></area>
      <area mc_name="NA_SE" title="Seti"></area>
      <area title="borders" mc_name="borders_outside" color="#ffffff" balloon="false" alpha="0"></area>
      <area title="borders" mc_name="borders_inside" color="#ffffff" balloon="false"></area>
  </areas>

  <movies>
    <movie title="Kathmandu" file="target" color="#CC0000" height="10" width="10" lat="27.702" long="85.317497" fixed_size="true"></movie>
  </movies>

  <labels>
    <label x="730" y="75" text_size="18" color="#FFFFFF" remain="false">
      <text>Nepal</text>
    </label>
  </labels>
</map>