<?xml version="1.0" encoding="UTF-8"?>
<map map_file="maps/denmark.swf" tl_long="8.076098" tl_lat="57.748446" br_long="15.192835" br_lat="54.561243" zoom="90%" zoom_x="11.81%" zoom_y="4.41%">
  <areas>
      <area mc_name="DK_HS" title="Hovedstaden (Capitol Region)"></area>
      <area mc_name="DK_MJ" title="Midtjylland (Central Jutland)"></area>
      <area mc_name="DK_ND" title="Nordjylland (North Jutland)"></area>
      <area mc_name="DK_SD" title="Syddanmark (South Denmark)"></area>
      <area mc_name="DK_SL" title="Sjaelland (Zealand)"></area>
      <area mc_name="borders" title="borders" color="#FFFFFF" balloon="false"></area>
  </areas>

  <movies>
    <movie long="12.576372" lat="55.670933" title="Kobenhavn (Copenhagen)" file="target" color="#CC0000" alpha="50" width="15" height="15" zoom="492.8571%" zoom_x="-187.76%" zoom_y="-74.71%"></movie>
  </movies>

  <labels>
    <label x="649" y="204" text_size="18" color="#FFFFFF" remain="false">
      <text>Denmark</text>
    </label>
  </labels>
</map>