<?xml version="1.0" encoding="UTF-8"?>
<map map_file="maps/uae.swf" tl_long="51.530970" tl_lat="26.078758" br_long="56.381813" br_lat="22.496972" zoom="90%" zoom_x="16.85%" zoom_y="3.24%">
  <areas>
    <area mc_name="AE_AZ" title="Abu Dhabi"/>
    <area mc_name="AE_AJ" title="Ajman"/>
    <area mc_name="AE_DU" title="Dubay"/>
    <area mc_name="AE_FU" title="Fujayrah"/>
    <area mc_name="AE_NZ1" title="Neutral Zone 1"/>
    <area mc_name="AE_NZ2" title="Neutral Zone 2"/>
    <area mc_name="AE_RK" title="Ras Al Khaymah"/>
    <area mc_name="AE_SH" title="Sharjah"/>
    <area mc_name="AE_UQ" title="Umm Al Qaywayn"/>
    <area mc_name="OM_MU" title="Musandam, Oman"  color="#DEDEDE"/>
    <area title="borders_inside" mc_name="borders_inside" color="#ffffff" balloon="false"></area>
    <area title="borders_outside" mc_name="borders_outside" color="#ffffff" balloon="false"></area>
  </areas>

  <movies>
    <movie title="Abu Dhabi" file="target" color="#CC0000" height="10" width="10" lat="24.443935" long="54.41905" fixed_size="true"></movie>
  </movies>

  <labels>
    <label x="436" y="139" text_size="18" color="#FFFFFF" remain="false">
      <text>United Arab Emirates</text>
    </label>
  </labels>
</map>

