<?xml version="1.0" encoding="UTF-8"?>
<map map_file="maps/bosnia2.swf" tl_long="15.7143" tl_lat="45.275629" br_long="19.6251" br_lat="42.561027" zoom="85%" zoom_x="24.84%" zoom_y="8.83%">
  <areas>
    <area mc_name="BA_BF_HN" title="Herzegovina-Neretva"></area>
    <area mc_name="BA_BF_WB" title="West Bosnia"></area>
    <area mc_name="BA_BF_US" title="Una-Sana"></area>
    <area mc_name="BA_BF_ZD" title="Zenica-Doboj"></area>
    <area mc_name="BA_BF_CD" title="Central Bosnia"></area>
    <area mc_name="BA_BF_WH" title="West Herzegovina"></area>
    <area mc_name="BA_BF_SA" title="Sarajevo"></area>
    <area mc_name="BA_BF_BP" title="Bosnian Podrinje"></area>
    <area mc_name="BA_BF_TU" title="Tuzla"></area>
    <area mc_name="BA_BF_PO" title="Posavina"></area>
    <area mc_name="BA_BR_BR" title="Brčko"></area>
    <area mc_name="BA_SR_BJ" title="Banja-Luka"></area>
    <area mc_name="BA_SR_BI" title="Bijeljina"></area>
    <area mc_name="BA_SR_DO" title="Doboj"></area>
    <area mc_name="BA_SR_VL" title="Vlasenica"></area>
    <area mc_name="BA_SR_SR" title="Sarajevo-Romanija"></area>
    <area mc_name="BA_SR_FO" title="Foca"></area>
    <area mc_name="BA_SR_TR" title="Trebinje"></area>
    <area mc_name="borders_region" title="borders" color="#999999" balloon="false"></area>
    <area mc_name="borders_canton" title="borders" color="#FFFFFF" balloon="false"></area>
  </areas>

  <movies>
    <movie title="Sarajevo" file="target" color="#666666" height="10" width="10" lat="43.866667" long="18.416667" fixed_size="true"></movie>
  </movies>

  <labels>
    <label x="173" y="438" text_size="18" color="#FFFFFF" remain="false">
      <text>Bosnia and Herzegovina</text>
    </label>
  </labels>
</map>