<?xml version="1.0" encoding="UTF-8"?>
<map map_file="maps/thailand.swf" tl_long="97.345785" tl_lat="20.462652" br_long="105.639420" br_lat="5.615745" zoom="90%" zoom_x="69.65%" zoom_y="5.92%">
  <areas>
      <area mc_name="TH_AC" title="Amnat Charoen"></area>
      <area mc_name="TH_AT" title="Ang Thong"></area>
      <area mc_name="TH_BM" title="Bangkok Metropolis"></area>
      <area mc_name="TH_BR" title="Buri Ram"></area>
      <area mc_name="TH_CC" title="Chachoengsao"></area>
      <area mc_name="TH_CN" title="Chai Nat"></area>
      <area mc_name="TH_CY" title="Chaiyaphum"></area>
      <area mc_name="TH_CT" title="Chanthaburi"></area>
      <area mc_name="TH_CM" title="Chiang Mai"></area>
      <area mc_name="TH_CR" title="Chiang Rai"></area>
      <area mc_name="TH_CB" title="Chon Buri"></area>
      <area mc_name="TH_CP" title="Chumphon"></area>
      <area mc_name="TH_KL" title="Kalasin"></area>
      <area mc_name="TH_KP" title="Kamphaeng Phet"></area>
      <area mc_name="TH_KN" title="Kanchanaburi"></area>
      <area mc_name="TH_KK" title="Khon Kaen"></area>
      <area mc_name="TH_KR" title="Krabi"></area>
      <area mc_name="TH_LG" title="Lampang"></area>
      <area mc_name="TH_LN" title="Lamphun"></area>
      <area mc_name="TH_LE" title="Loei"></area>
      <area mc_name="TH_LB" title="Lop Buri"></area>
      <area mc_name="TH_MH" title="Mae Hong Son"></area>
      <area mc_name="TH_MS" title="Maha Sarakham"></area>
      <area mc_name="TH_MD" title="Mukdahan"></area>
      <area mc_name="TH_NN" title="Nakhon Nayok"></area>
      <area mc_name="TH_NP" title="Nakhon Pathom"></area>
      <area mc_name="TH_NF" title="Nakhon Phanom"></area>
      <area mc_name="TH_NR" title="Nakhon Ratchasima"></area>
      <area mc_name="TH_NS" title="Nakhon Sawan"></area>
      <area mc_name="TH_NT" title="Nakhon Si Thammarat"></area>
      <area mc_name="TH_NA" title="Nan"></area>
      <area mc_name="TH_NW" title="Narathiwat"></area>
      <area mc_name="TH_NB" title="Nong Bua Lam Phu"></area>
      <area mc_name="TH_NK" title="Nong Khai"></area>
      <area mc_name="TH_NO" title="Nonthaburi"></area>
      <area mc_name="TH_PT" title="Pathum Thani"></area>
      <area mc_name="TH_PI" title="Pattani"></area>
      <area mc_name="TH_PG" title="Phangnga"></area>
      <area mc_name="TH_PL" title="Phatthalung"></area>
      <area mc_name="TH_PY" title="Phayao"></area>
      <area mc_name="TH_PH" title="Phetchabun"></area>
      <area mc_name="TH_PE" title="Phetchaburi"></area>
      <area mc_name="TH_PC" title="Phichit"></area>
      <area mc_name="TH_PS" title="Phitsanulok"></area>
      <area mc_name="TH_PR" title="Phrae"></area>
      <area mc_name="TH_PA" title="Phra Nakhon Si Ayutthaya"></area>
      <area mc_name="TH_PU" title="Phuket"></area>
      <area mc_name="TH_PB" title="Prachin Buri"></area>
      <area mc_name="TH_PK" title="Prachuap Khiri Khan"></area>
      <area mc_name="TH_RN" title="Ranong"></area>
      <area mc_name="TH_RT" title="Ratchaburi"></area>
      <area mc_name="TH_RY" title="Rayong"></area>
      <area mc_name="TH_RE" title="Roi Et"></area>
      <area mc_name="TH_SK" title="Sa Kaeo"></area>
      <area mc_name="TH_SN" title="Sakon Nakhon"></area>
      <area mc_name="TH_SP" title="Samut Prakan"></area>
      <area mc_name="TH_SS" title="Samut Sakhon"></area>
      <area mc_name="TH_SM" title="Samut Songkhram"></area>
      <area mc_name="TH_SR" title="Saraburi"></area>
      <area mc_name="TH_SA" title="Satun"></area>
      <area mc_name="TH_SB" title="Sing Buri"></area>
      <area mc_name="TH_SI" title="Si Sa Ket"></area>
      <area mc_name="TH_SG" title="Songkhla"></area>
      <area mc_name="TH_SO" title="Sukhothai"></area>
      <area mc_name="TH_SH" title="Suphan Buri"></area>
      <area mc_name="TH_ST" title="Surat Thani"></area>
      <area mc_name="TH_SU" title="Surin"></area>
      <area mc_name="TH_TK" title="Tak"></area>
      <area mc_name="TH_TG" title="Trang"></area>
      <area mc_name="TH_TT" title="Trat"></area>
      <area mc_name="TH_UR" title="Ubon Ratchathani"></area>
      <area mc_name="TH_UN" title="Udon Thani"></area>
      <area mc_name="TH_UT" title="Uthai Thani"></area>
      <area mc_name="TH_UD" title="Uttaradit"></area>
      <area mc_name="TH_YL" title="Yala"></area>
      <area mc_name="TH_YS" title="Yasothon"></area>
      <area mc_name="TH_SGLK" title="Songkhla Lake" color="#0098FF" balloon="false"></area>
      <area mc_name="borders_lake" title="Songkhla Lake border" color="#0066FF" balloon="false"></area>
      <area title="borders" mc_name="borders_outside" color="#ffffff" balloon="false" alpha="0"></area>
      <area title="borders" mc_name="borders_inside" color="#ffffff" balloon="false"></area>
  </areas>

  <movies>
    <movie title="Bangkok" file="target" color="#666666" height="10" width="10" lat="13.753335" long="100.504825" fixed_size="true"></movie>
  </movies>

  <labels>
    <label x="620" y="498" text_size="18" color="#FFFFFF" remain="false">
      <text>Thailand</text>
    </label>
  </labels>
</map>