﻿<?xml version="1.0" encoding="UTF-8"?>
<map map_file="maps/iceland.swf" tl_long="-24.5297" tl_lat="66.574373" br_long="-13.490918" br_lat="63.28328" zoom="90%" zoom_x="4.81%" zoom_y="16.51%">
  <areas>
    <area mc_name="IS_AL" title="Austurland (Eastland)"/>
    <area mc_name="IS_HO" title="Höfuðborgarsvæði (Capital Region)"/>
    <area mc_name="IS_NE" title="Norðurland eystra (Northland East)"/>
    <area mc_name="IS_NV" title="Norðurland vestra (Northland West)"/>
    <area mc_name="IS_SL" title="Suðurland (Southland)"/>
    <area mc_name="IS_SU" title="Suðurnes (Southern Peninsula)"/>
    <area mc_name="IS_VF" title="Vestfirðir (Western Fjords)"/>
    <area mc_name="IS_VL" title="Vesturland (Westland)"/>
    <area mc_name="IS_GL_DR" title="Drangajökull" color="#CCCCCC"/>
    <area mc_name="IS_GL_EI" title="Eiríksjökull" color="#CCCCCC"/>
    <area mc_name="IS_GL_EY" title="Eyjafjallajökull" color="#CCCCCC"/>
    <area mc_name="IS_GL_HO" title="Hofsjökull" color="#CCCCCC"/>
    <area mc_name="IS_GL_LA" title="Langjökull" color="#CCCCCC"/>
    <area mc_name="IS_GL_MY" title="Mýrdalsjökull" color="#CCCCCC"/>
    <area mc_name="IS_GL_PR" title="Þrándarjökull" color="#CCCCCC"/>
    <area mc_name="IS_GL_SN" title="Snæfellsjökull" color="#CCCCCC"/>
    <area mc_name="IS_GL_TU" title="Tungnafellsjökull" color="#CCCCCC"/>
    <area mc_name="IS_GL_VA" title="Vatnajökull" color="#CCCCCC"/>
    <area title="borders_glacier" mc_name="borders_glacier" color="#666666" balloon="false"></area>
    <area title="borders" mc_name="borders" color="#ffffff" balloon="false"></area>
  </areas>

  <movies>
    <movie title="Reykjavík" file="target" color="#CC0000" height="10" width="10" lat="64.137383" long="-21.902479" fixed_size="true"></movie>
  </movies>

  <labels>
    <label x="384" y="132" text_size="18" color="#FFFFFF" remain="false">
      <text>Iceland</text>
    </label>
  </labels>
</map>