<?xml version="1.0" encoding="UTF-8"?>
<map map_file="maps/turkey.swf" tl_long="25.6665542" tl_lat="42.094016" br_long="44.818478" br_lat="35.807049" zoom="90%" zoom_x="6.05%" zoom_y="38.87%">
  <areas>
      <area mc_name="TR_AA" title="Adana"></area>
      <area mc_name="TR_AD" title="Adıyaman"></area>
      <area mc_name="TR_AF" title="Afyonkarahisar (Afyon)"></area>
      <area mc_name="TR_AG" title="Ağri"></area>
      <area mc_name="TR_AK" title="Aksaray"></area>
      <area mc_name="TR_AM" title="Amasya"></area>
      <area mc_name="TR_AN" title="Ankara"></area>
      <area mc_name="TR_AL" title="Antalya"></area>
      <area mc_name="TR_AR" title="Ardahan"></area>
      <area mc_name="TR_AV" title="Artvin"></area>
      <area mc_name="TR_AY" title="Aydın"></area>
      <area mc_name="TR_BK" title="Balıkesir"></area>
      <area mc_name="TR_BR" title="Bartın"></area>
      <area mc_name="TR_BM" title="Batman"></area>
      <area mc_name="TR_BB" title="Bayburt"></area>
      <area mc_name="TR_BC" title="Bilecik"></area>
      <area mc_name="TR_BG" title="Bingöl"></area>
      <area mc_name="TR_BT" title="Bitlis"></area>
      <area mc_name="TR_BL" title="Bolu"></area>
      <area mc_name="TR_BD" title="Burdur"></area>
      <area mc_name="TR_BU" title="Bursa"></area>
      <area mc_name="TR_CK" title="Çanakkale"></area>
      <area mc_name="TR_CI" title="Çankırı"></area>
      <area mc_name="TR_CM" title="Çorum"></area>
      <area mc_name="TR_DN" title="Denizli"></area>
      <area mc_name="TR_DY" title="Diyarbakır"></area>
      <area mc_name="TR_DU" title="Düzce"></area>
      <area mc_name="TR_ED" title="Edirne"></area>
      <area mc_name="TR_EG" title="Elazığ"></area>
      <area mc_name="TR_EN" title="Erzincan"></area>
      <area mc_name="TR_EM" title="Erzurum"></area>
      <area mc_name="TR_ES" title="Eskişehir"></area>
      <area mc_name="TR_GA" title="Gaziantep"></area>
      <area mc_name="TR_GI" title="Giresun"></area>
      <area mc_name="TR_GU" title="Gümüşhane"></area>
      <area mc_name="TR_HK" title="Hakkari"></area>
      <area mc_name="TR_HT" title="Hatay"></area>
      <area mc_name="TR_IG" title="Iğdir"></area>
      <area mc_name="TR_IP" title="Isparta"></area>
      <area mc_name="TR_IB" title="İstanbul"></area>
      <area mc_name="TR_IZ" title="İzmir"></area>
      <area mc_name="TR_KM" title="Kahramanmaraş"></area>
      <area mc_name="TR_KB" title="Karabük"></area>
      <area mc_name="TR_KR" title="Karaman"></area>
      <area mc_name="TR_KA" title="Kars"></area>
      <area mc_name="TR_KS" title="Kastamonu"></area>
      <area mc_name="TR_KY" title="Kayseri"></area>
      <area mc_name="TR_KI" title="Kilis"></area>
      <area mc_name="TR_KK" title="Kırıkkale"></area>
      <area mc_name="TR_KL" title="Kırklareli"></area>
      <area mc_name="TR_KH" title="Kırşehir"></area>
      <area mc_name="TR_KC" title="Kocaeli"></area>
      <area mc_name="TR_KO" title="Konya"></area>
      <area mc_name="TR_KU" title="Kütahya"></area>
      <area mc_name="TR_ML" title="Malatya"></area>
      <area mc_name="TR_MN" title="Manisa"></area>
      <area mc_name="TR_MR" title="Mardin"></area>
      <area mc_name="TR_IC" title="Mersin"></area>
      <area mc_name="TR_MG" title="Muğla"></area>
      <area mc_name="TR_MS" title="Muş"></area>
      <area mc_name="TR_NV" title="Nevşehir"></area>
      <area mc_name="TR_NG" title="Niğde"></area>
      <area mc_name="TR_OR" title="Ordu"></area>
      <area mc_name="TR_OS" title="Osmaniye"></area>
      <area mc_name="TR_RI" title="Rize"></area>
      <area mc_name="TR_SK" title="Sakarya"></area>
      <area mc_name="TR_SS" title="Samsun"></area>
      <area mc_name="TR_SU" title="Şanlıurfa"></area>
      <area mc_name="TR_SI" title="Siirt"></area>
      <area mc_name="TR_SP" title="Sinop"></area>
      <area mc_name="TR_SR" title="Şırnak"></area>
      <area mc_name="TR_SV" title="Sivas"></area>
      <area mc_name="TR_TG" title="Tekirdağ"></area>
      <area mc_name="TR_TT" title="Tokat"></area>
      <area mc_name="TR_TB" title="Trabzon"></area>
      <area mc_name="TR_TC" title="Tunceli"></area>
      <area mc_name="TR_US" title="Uşak"></area>
      <area mc_name="TR_VA" title="Van"></area>
      <area mc_name="TR_YL" title="Yalova"></area>
      <area mc_name="TR_YZ" title="Yozgat"></area>
      <area mc_name="TR_ZO" title="Zonguldak"></area>
    <area title="borders" mc_name="borders" color="#ffffff" balloon="false"></area>
  </areas>

  <movies>
    <movie title="Ankara" file="target" color="#CC0000" height="10" width="10" lat="39.94293" long="32.86048" fixed_size="true"></movie>
  </movies>

  <labels>
    <label x="671" y="177" text_size="18" color="#FFFFFF" remain="false">
      <text>Turkey</text>
    </label>
  </labels>
</map>