<?xml version="1.0" encoding="UTF-8"?>
<map map_file="maps/estonia.swf" tl_long="21.7626" tl_lat="59.685014" br_long="28.20975" br_lat="57.510089" zoom="85%" zoom_x="3.69%" zoom_y="9.72%">

  <areas>
    <area mc_name="EE_HA" title="Harju"></area>
    <area mc_name="EE_HI" title="Hiiu"></area>
    <area mc_name="EE_IV" title="Ida-Viru"></area>
    <area mc_name="EE_JR" title="Järva"></area>
    <area mc_name="EE_JN" title="Jõgeva"></area>
    <area mc_name="EE_LN" title="Lääne"></area>
    <area mc_name="EE_LV" title="Lääne-Viru"></area>
    <area mc_name="EE_PR" title="Pärnu"></area>
    <area mc_name="EE_PL" title="Põlva"></area>
    <area mc_name="EE_RA" title="Rapla"></area>
    <area mc_name="EE_SA" title="Saare"></area>
    <area mc_name="EE_TA" title="Tartu"></area>
    <area mc_name="EE_VG" title="Valga"></area>
    <area mc_name="EE_VD" title="Viljandi"></area>
    <area mc_name="EE_VR" title="Võru"></area>
    <area mc_name="borders" title="borders" color="#FFFFFF" balloon="false"></area>
  </areas>

  <movies>
    <movie title="Tallinn" file="target" color="#666666" height="10" width="10" lat="59.425181" long="24.72622" fixed_size="true"></movie>
  </movies>

  <labels>
    <label x="91" y="208" text_size="18" color="#FFFFFF" remain="false">
      <text>Counties of Estonia</text>
    </label>
  </labels>
</map>