<?xml version="1.0" encoding="UTF-8"?>
<map map_file="maps/canada.swf" tl_long="-141.002815" tl_lat="83.111992" br_long="-52.75" br_lat="42.0722202" zoom="90%" zoom_x="32.92%" zoom_y="6.05%">
  <areas>
     <!-- Canada - Provinces -->
    <area mc_name="CA_BC" title="British Columbia"></area>
    <area mc_name="CA_AB" title="Alberta"></area>
    <area mc_name="CA_SK" title="Saskatchewan"></area>
    <area mc_name="CA_MB" title="Manitoba"></area>
    <area mc_name="CA_ON" title="Ontario"></area>
    <area mc_name="CA_QC" title="Quebec"></area>
    <area mc_name="CA_NB" title="New Brunswick"></area>
    <area mc_name="CA_NS" title="Nova Scotia"></area>
    <area mc_name="CA_PE" title="Prince Edward Island"></area>
    <area mc_name="CA_NL" title="Newfoundland and Labrador"></area>
    <area mc_name="CA_YT" title="Yukon"></area>
    <area mc_name="CA_NT" title="Northwest Territories"></area>
    <area mc_name="CA_NU" title="Nunavut"></area>
    <area mc_name="borders" title="borders" color="#FFFFFF" balloon="false"></area>
  </areas>

  <movies>
    <movie long="-75.691894" lat="45.4215" title="Ottawa" file="target" color="#CC0000" width="15" height="15" fixed_size="true"></movie>
  </movies>

  <labels>
    <label x="61.7156%" y="35.6571%" text_size="18" color="#FFFFFF" remain="false">
      <text>Provinces of Canada</text>
    </label>
  </labels>
</map>