<?xml version="1.0" encoding="UTF-8"?>
<map map_file="maps/france.swf" tl_long="-5.142757" tl_lat="51.088329" br_long="9.560176" br_lat="41.363571" zoom="80%" zoom_x="20.78%" zoom_y="6.38%">

  <areas>
    <area mc_name="FR_A" title="Alsace"></area>
    <area mc_name="FR_B" title="Aquitaine"></area>
    <area mc_name="FR_C" title="Auvergne"></area>
    <area mc_name="FR_P" title="Basse-Normandie (Lower Normandy)"></area>
    <area mc_name="FR_D" title="Bourgogne (Burgundy)"></area>
    <area mc_name="FR_E" title="Bretagne (Brittany)"></area>
    <area mc_name="FR_F" title="Centre"></area>
    <area mc_name="FR_G" title="Champagne-Ardenne"></area>
    <area mc_name="FR_H" title="Corse (Corsica)"></area>
    <area mc_name="FR_I" title="Franche-Comté"></area>
    <area mc_name="FR_Q" title="Haute-Normandie (Upper Normandy)"></area>
    <area mc_name="FR_J" title="Île-de-France"></area>
    <area mc_name="FR_K" title="Languedoc-Roussillon"></area>
    <area mc_name="FR_L" title="Limousin"></area>
    <area mc_name="FR_M" title="Lorraine"></area>
    <area mc_name="FR_N" title="Midi-Pyrénées"></area>
    <area mc_name="FR_O" title="Nord-Pas-de-Calais"></area>
    <area mc_name="FR_R" title="Pays-de-la-Loire"></area>
    <area mc_name="FR_S" title="Picardie"></area>
    <area mc_name="FR_T" title="Poitou-Charentes"></area>
    <area mc_name="FR_U" title="Provence-Alpes-Côte d'Azur"></area>
    <area mc_name="FR_V" title="Rhône-Alpes"></area>
<!-- One small area of Spain is surrounded by France -->
    <area mc_name="ES_GI" title="Spain - Girona" color="#FF9900" alpha="0"></area>
    <area mc_name="borders" title="borders" color="#FFFFFF" balloon="false"></area>
  </areas>

  <movies>
    <movie title="Paris" file="target" color="#666666" height="10" width="10" lat="48.856925" long="2.34121" fixed_size="true"></movie>
  </movies>

  <labels>
    <label x="181" y="101" text_size="18" color="#FFFFFF" remain="false">
      <text>France</text>
    </label>
  </labels>
</map>