<?xml version="1.0" encoding="UTF-8"?>
<map map_file="maps/israel.swf" tl_long="34.229026" tl_lat="33.43979" br_long="35.935202" br_lat="29.497004" zoom="85%" zoom_x="114.47%" zoom_y="9.29%">
  <areas>
<!-- Israel -->    
    <area mc_name="IL_GH" title="Golan"></area>
    <area mc_name="IL_HD" title="HaDarom"></area>
    <area mc_name="IL_HA" title="Haifa"></area>
    <area mc_name="IL_HM" title="HaMerkaz"></area>
    <area mc_name="IL_HZ" title="HaZafon"></area>
    <area mc_name="IL_JM" title="Jerusalem"></area>
    <area mc_name="IL_TA" title="Tel Aviv"></area>
    <area mc_name="borders_israel" title="borders" color="#FFFFFF" balloon="false"></area>
<!-- Palestinian Territories --> 
    <area mc_name="PS_WE" title="Palestinian Territories" oid="PS_WE" link_with="PS_WE,PS_GZ" color="#DEDEDE"></area>
    <area mc_name="PS_GZ" title="Palestinian Territories" oid="PS_GZ" link_with="PS_WE,PS_GZ" color="#DEDEDE"></area>
    <area mc_name="borders_palestine" title="borders" color="#999999" balloon="false"></area>
  </areas>

  <movies>
    <movie title="Jerusalem" file="target" color="#666666" height="10" width="10" lat="31.783333" long="35.216667" fixed_size="true"></movie>
  </movies>

  <labels>
    <label x="133" y="153" text_size="18" color="#FFFFFF" remain="false">
      <text>Israel</text>
    </label>
  </labels>
</map>