﻿<?xml version="1.0" encoding="UTF-8"?>
<map map_file="maps/croatia.swf" tl_long="13.492706" tl_lat="46.542311" br_long="19.405151" br_lat="42.393522" zoom="85%" zoom_x="22.69%" zoom_y="7.19%">
  <areas>
    <area mc_name="HR_BB" title="Bjelovarska-Bilogorska"></area>
    <area mc_name="HR_SP" title="Brodsko-Posavska"></area>
    <area mc_name="HR_DN" title="Dubrovačko-Neretvanska"></area>
    <area mc_name="HR_GZ" title="Grad Zagreb"></area>
    <area mc_name="HR_IS" title="Istarska"></area>
    <area mc_name="HR_KA" title="Karlovačka"></area>
    <area mc_name="HR_KK" title="Koprivničko-Križevačka"></area>
    <area mc_name="HR_KZ" title="Krapinsko-Zagorska"></area>
    <area mc_name="HR_LS" title="Ličko-Senjska"></area>
    <area mc_name="HR_ME" title="Međimurska"></area>
    <area mc_name="HR_OB" title="Osječko-Baranjska"></area>
    <area mc_name="HR_PS" title="Požeško-Slavonska"></area>
    <area mc_name="HR_PG" title="Primorsko-Goranska"></area>
    <area mc_name="HR_SB" title="Šibensko-Kninska"></area>
    <area mc_name="HR_SM" title="Sisačko-Moslavačka"></area>
    <area mc_name="HR_SD" title="Splitsko-Dalmatinska"></area>
    <area mc_name="HR_VA" title="Varaždinska"></area>
    <area mc_name="HR_VP" title="Virovitičko-Podravska"></area>
    <area mc_name="HR_VS" title="Vukovarsko-Srijemska"></area>
    <area mc_name="HR_ZD" title="Zadarska"></area>
    <area mc_name="HR_ZG" title="Zagrebačka"></area>
    <area mc_name="borders" title="borders" color="#FFFFFF" balloon="false"></area>
  </areas>

  <movies>
    <movie title="Zagreb" file="target" color="#666666" height="10" width="10" lat="45.80638" long="15.967" fixed_size="true"></movie>
  </movies>

  <labels>
    <label x="133" y="153" text_size="18" color="#FFFFFF" remain="false">
      <text>Croatia</text>
    </label>
  </labels>
</map>