<?xml version="1.0" encoding="UTF-8"?>
<map map_file="maps/india.swf" tl_long="68.144974" tl_lat="36.930858" br_long="97.384362" br_lat="6.743626" zoom="90%" zoom_x="15.02%" zoom_y="4.5%">
  <areas>
    <area mc_name="IN_AN" title="Andaman and Nicobar Islands"></area>
    <area mc_name="IN_AP" title="Andhra Pradesh"></area>
    <area mc_name="IN_AR" title="Arunachal Pradesh"></area>
    <area mc_name="IN_AS" title="Assam"></area>
    <area mc_name="IN_BR" title="Bihar"></area>
    <area mc_name="IN_CH" title="Chandigarh"></area>
    <area mc_name="IN_CT" title="Chhattisgarh"></area>
    <area mc_name="IN_DN" title="Dadra and Nagar Haveli"></area>
    <area mc_name="IN_DD" title="Daman and Diu"></area>
    <area mc_name="IN_DL" title="Delhi"></area>
    <area mc_name="IN_GA" title="Goa"></area>
    <area mc_name="IN_GJ" title="Gujarat"></area>
    <area mc_name="IN_HR" title="Haryana"></area>
    <area mc_name="IN_HP" title="Himachal Pradesh"></area>
    <area mc_name="IN_JK" title="Jammu and Kashmir"></area>
    <area mc_name="IN_JH" title="Jharkhand"></area>
    <area mc_name="IN_KA" title="Karnataka"></area>
    <area mc_name="IN_KL" title="Kerala"></area>
    <area mc_name="IN_LD" title="Lakshadweep"></area>
    <area mc_name="IN_MP" title="Madhya Pradesh"></area>
    <area mc_name="IN_MH" title="Maharashtr"></area>
    <area mc_name="IN_MN" title="Manipur"></area>
    <area mc_name="IN_ML" title="Meghalaya"></area>
    <area mc_name="IN_MZ" title="Mizoram"></area>
    <area mc_name="IN_NL" title="Nagaland"></area>
    <area mc_name="IN_OR" title="Orissa"></area>
    <area mc_name="IN_PY" title="Puducherry"></area>
    <area mc_name="IN_PB" title="Punjab"></area>
    <area mc_name="IN_RJ" title="Rajasthan"></area>
    <area mc_name="IN_SK" title="Sikkim"></area>
    <area mc_name="IN_TN" title="Tamil Nadu"></area>
    <area mc_name="IN_TR" title="Tripura"></area>
    <area mc_name="IN_UT" title="Uttarakhand"></area>
    <area mc_name="IN_UP" title="Uttar Pradesh"></area>
    <area mc_name="IN_WB" title="West Bengal"></area>
    <area mc_name="borders" title="borders" color="#FFFFFF" balloon="false"></area>
  </areas>

  <movies>
    <movie title="New Delhi" file="target" color="#666666" height="10" width="10" lat="28.643895" long="77.116204" fixed_size="true"></movie>
  </movies>

  <labels>
    <label x="133" y="153" text_size="18" color="#FFFFFF" remain="false">
      <text>India</text>
    </label>
  </labels>
</map>