<?xml version="1.0" encoding="UTF-8"?>
<map map_file="maps/world3.swf" zoom="250%" zoom_x="-84.94%" zoom_y="-118.95%" tl_long="-168.49" tl_lat="83.63" br_long="190.3" br_lat="-55.58" >
  <areas>
      <area zoom="1050.7143%" zoom_x="-633.98%" zoom_y="-540.19%" title="AFGHANISTAN" mc_name="AF"></area>
      <area zoom="2992.1429%" zoom_x="-1514.47%" zoom_y="-1098.25%" title="ALAND ISLANDS" mc_name="AX"></area>
      <area zoom="2237.1429%" zoom_x="-1124.1%" zoom_y="-1109.6%" title="ALBANIA" mc_name="AL"></area>
      <area zoom="493.4524%" zoom_x="-187.76%" zoom_y="-243.73%" title="ALGERIA" mc_name="DZ"></area>
      <area zoom="2866.3095%" zoom_x="-1312.75%" zoom_y="-1404.15%" title="ANDORRA" mc_name="AD"></area>
      <area zoom="588.8469%" zoom_x="-255.01%" zoom_y="-415.39%" title="ANGOLA" mc_name="AO"></area>
      <area zoom="3000%" zoom_x="-812.03%" zoom_y="-1855.34%" title="ANGUILLA" mc_name="AI"></area>
      <area zoom="3000%" zoom_x="-831.3%" zoom_y="-1867.2%" title="ANTIGUA AND BARBUDA" mc_name="AG"></area>
      <area zoom="367%" zoom_x="-50.52%" zoom_y="-275.48%" title="ARGENTINA" mc_name="AR"></area>
      <area zoom="1541%" zoom_x="-866.38%" zoom_y="-738.92%" title="ARMENIA" mc_name="AM"></area>
      <area zoom="2992.1429%" zoom_x="-762.38%" zoom_y="-1927.1%" title="ARUBA" mc_name="AW"></area>
      <area zoom="367.619%" zoom_x="-256.46%" zoom_y="-254.34%" title="AUSTRALIA" mc_name="AU"></area>
      <area zoom="1357.811%" zoom_x="-638.22%" zoom_y="-610.16%" title="AUSTRIA" mc_name="AT"></area>
      <area zoom="1261%" zoom_x="-697.24%" zoom_y="-604.24%" title="AZERBAIJAN" mc_name="AZ"></area>
      <area zoom="1832%" zoom_x="-417.49%" zoom_y="-1062.23%" title="BAHAMAS" mc_name="BS"></area>
      <area zoom="2992.1429%" zoom_x="-1772.14%" zoom_y="-1715.84%" title="BAHRAIN" mc_name="BH"></area>
      <area zoom="1123.8471%" zoom_x="-749.51%" zoom_y="-631.8%" title="BANGLADESH" mc_name="BD"></area>
      <area zoom="2992.1429%" zoom_x="-834.83%" zoom_y="-1907.15%" title="BARBADOS" mc_name="BB"></area>
      <area zoom="885%" zoom_x="-424.1%" zoom_y="-335.58%" title="BELARUS" mc_name="BY"></area>
      <area zoom="1907%" zoom_x="-862.25%" zoom_y="-822.78%" title="BELGIUM" mc_name="BE"></area>
      <area zoom="1370.0146%" zoom_x="-243.03%" zoom_y="-829.41%" title="BELIZE" mc_name="BZ"></area>
      <area zoom="1215%" zoom_x="-523.57%" zoom_y="-777.49%" title="BENIN" mc_name="BJ"></area>
      <area zoom="3000%" zoom_x="-813.46%" zoom_y="-1648.24%" title="BERMUDA" mc_name="BM"></area>
      <area zoom="1215%" zoom_x="-814.36%" zoom_y="-677.66%" title="BHUTAN" mc_name="BT"></area>
      <area zoom="445%" zoom_x="-70.93%" zoom_y="-281.15%" title="BOLIVIA" mc_name="BO"></area>
      <area zoom="1471.9099%" zoom_x="-716.95%" zoom_y="-701.6%" title="BOSNIA AND HERZEGOVINA" mc_name="BA"></area>
      <area zoom="478.8643%" zoom_x="-192.39%" zoom_y="-321.59%" title="BOTSWANA" mc_name="BW"></area>
      <area zoom="354%" zoom_x="-54.4%" zoom_y="-220.81%" title="BRAZIL" mc_name="BR"></area>
      <area zoom="1205%" zoom_x="-890.7%" zoom_y="-788.41%" title="BRUNEI DARUSSALAM" mc_name="BN"></area>
      <area zoom="1442.7503%" zoom_x="-717.79%" zoom_y="-690.28%" title="BULGARIA" mc_name="BG"></area>
      <area zoom="923%" zoom_x="-382.38%" zoom_y="-568.75%" title="BURKINA FASO" mc_name="BF"></area>
      <area zoom="1035%" zoom_x="-510.89%" zoom_y="-699.62%" title="BURUNDI" mc_name="BI"></area>
      <area zoom="1067%" zoom_x="-740.82%" zoom_y="-644.46%" title="CAMBODIA" mc_name="KH"></area>
      <area zoom="718%" zoom_x="-297.24%" zoom_y="-449.45%" title="CAMEROON" mc_name="CM"></area>
      <area zoom="133.9286%" zoom_x="15.31%" zoom_y="3.29%" title="CANADA" mc_name="CA"></area>
      <area zoom="1358%" zoom_x="-514.9%" zoom_y="-821.53%" title="CAPE VERDE" mc_name="CV"></area>
      <area zoom="618%" zoom_x="-267.57%" zoom_y="-371.19%" title="CENTRAL AFRICAN REPUBLIC" mc_name="CF"></area>
      <area zoom="563%" zoom_x="-224.75%" zoom_y="-299.48%" title="CHAD" mc_name="TD"></area>
      <area zoom="365%" zoom_x="-43.23%" zoom_y="-271.12%" title="CHILE" mc_name="CL"></area>
      <area zoom="313%" zoom_x="-167.72%" zoom_y="-124.45%" title="CHINA" mc_name="CN"></area>
      <area zoom="670%" zoom_x="-137%" zoom_y="-404.05%" title="COLOMBIA" mc_name="CO"></area>
      <area zoom="1397%" zoom_x="-760.42%" zoom_y="-1024.51%" title="COMOROS" mc_name="KM"></area>
      <area zoom="816%" zoom_x="-346.13%" zoom_y="-532.18%" title="REPUBLIC OF CONGO" mc_name="CG"></area>
      <area zoom="474%" zoom_x="-186.42%" zoom_y="-315.33%" title="THE DEMOCRATIC REPUBLIC OF THE CONGO" mc_name="CD"></area>
      <area zoom="1451%" zoom_x="-297.23%" zoom_y="-916.07%" title="COSTA RICA" mc_name="CR"></area>
      <area zoom="1119%" zoom_x="-455.68%" zoom_y="-713.6%" title="COTE D'IVOIRE" mc_name="CI"></area>
      <area zoom="1440%" zoom_x="-686.71%" zoom_y="-676.57%" title="CROATIA" mc_name="HR"></area>
      <area zoom="863.8946%" zoom_x="-147.78%" zoom_y="-492.2%" title="CUBA" mc_name="CU"></area>
      <area zoom="1141%" zoom_x="-578.97%" zoom_y="-574.49%" title="CYPRUS" mc_name="CY"></area>
      <area zoom="1391.8986%" zoom_x="-650.9%" zoom_y="-607.93%" title="CZECH REPUBLIC" mc_name="CZ"></area>
      <area zoom="1100%" zoom_x="-501.13%" zoom_y="-413.33%" title="DENMARK" mc_name="DK"></area>
      <area zoom="909%" zoom_x="-477.84%" zoom_y="-535.34%" title="DJIBOUTI" mc_name="DJ"></area>
      <area zoom="2626%" zoom_x="-714.21%" zoom_y="-1652.16%" title="DOMINICA" mc_name="DM"></area>
      <area zoom="1285.0657%" zoom_x="-289.34%" zoom_y="-768.26%" title="DOMINICAN REPUBLIC" mc_name="DO"></area>
      <area zoom="771%" zoom_x="-157.17%" zoom_y="-490.42%" title="ECUADOR" mc_name="EC"></area>
      <area zoom="548%" zoom_x="-232.51%" zoom_y="-272.35%" title="EGYPT" mc_name="EG"></area>
      <area zoom="1649.8436%" zoom_x="-322.01%" zoom_y="-1024.12%" title="EL SALVADOR" mc_name="SV"></area>
      <area zoom="900%" zoom_x="-374.35%" zoom_y="-571.93%" title="EQUATORIAL GUINEA" mc_name="GQ"></area>
      <area zoom="767%" zoom_x="-384.86%" zoom_y="-447.56%" title="ERITREA" mc_name="ER"></area>
      <area zoom="990.984%" zoom_x="-463.4%" zoom_y="-346.71%" title="ESTONIA" mc_name="EE"></area>
      <area zoom="528.9391%" zoom_x="-240.86%" zoom_y="-294.7%" title="ETHIOPIA" mc_name="ET"></area>
      <area zoom="1061.4056%" zoom_x="-445.79%" zoom_y="-350.33%" title="FAEROE ISLANDS" mc_name="FO"></area>
      <area zoom="747.2817%" zoom_x="-178.15%" zoom_y="-656.74%" title="FALKLAND ISLANDS" mc_name="FK"></area>
      <area zoom="977%" zoom_x="-869.69%" zoom_y="-730.19%" title="FIJI" mc_name="FJ"></area>
      <area zoom="496%" zoom_x="-210.44%" zoom_y="-120.87%" title="FINLAND" mc_name="FI"></area>
      <area zoom="971%" zoom_x="-409.15%" zoom_y="-431.02%" title="FRANCE" mc_name="FR"></area>
      <area zoom="1199%" zoom_x="-311.99%" zoom_y="-771.17%" title="FRENCH GUIANA" mc_name="GF"></area>
      <area zoom="814%" zoom_x="-344.55%" zoom_y="-529.02%" title="GABON" mc_name="GA"></area>
      <area zoom="1442%" zoom_x="-573.92%" zoom_y="-912.42%" title="GAMBIA, THE" mc_name="GM"></area>
      <area zoom="1313%" zoom_x="-728.18%" zoom_y="-627.7%" title="GEORGIA" mc_name="GE"></area>
      <area zoom="1047.0169%" zoom_x="-469.5%" zoom_y="-426.33%" title="GERMANY" mc_name="DE"></area>
      <area zoom="1197%" zoom_x="-501.91%" zoom_y="-764.64%" title="GHANA" mc_name="GH"></area>
      <area zoom="1583%" zoom_x="-794.62%" zoom_y="-787.92%" title="GREECE" mc_name="GR"></area>
      <area zoom="163.0009%" zoom_x="-4.1%" zoom_y="7.5%" title="GREENLAND" mc_name="GL"></area>
      <area zoom="2992.1429%" zoom_x="-825.42%" zoom_y="-1928.14%" title="GRENADA" mc_name="GD"></area>
      <area zoom="2902.2619%" zoom_x="-810.56%" zoom_y="-1817.71%" title="GUADELOUPE" mc_name="GP"></area>
      <area zoom="1352%" zoom_x="-251.87%" zoom_y="-825.94%" title="GUATEMALA" mc_name="GT"></area>
      <area zoom="966%" zoom_x="-376%" zoom_y="-597.65%" title="GUINEA" mc_name="GN"></area>
      <area zoom="1371.9986%" zoom_x="-558.79%" zoom_y="-866.34%" title="GUINEA-BISSAU" mc_name="GW"></area>
      <area zoom="816%" zoom_x="-174.97%" zoom_y="-493.31%" title="GUYANA" mc_name="GY"></area>
      <area zoom="2075.3571%" zoom_x="-519.53%" zoom_y="-1255.24%" title="HAITI" mc_name="HT"></area>
      <area zoom="1321%" zoom_x="-248.91%" zoom_y="-802.74%" title="HONDURAS" mc_name="HN"></area>
      <area zoom="2992.1429%" zoom_x="-2305.93%" zoom_y="-1796.47%" title="HONG KONG" mc_name="HK"></area>
      <area zoom="1317%" zoom_x="-635.75%" zoom_y="-594.21%" title="HUNGARY" mc_name="HU"></area>
      <area zoom="469%" zoom_x="-154.08%" zoom_y="-117.56%" title="ICELAND" mc_name="IS"></area>
      <area zoom="544%" zoom_x="-324.45%" zoom_y="-283.14%" title="INDIA" mc_name="IN" oid="IN" link_with="KA"></area>
      <area zoom="629.8048%" zoom_x="-457.48%" zoom_y="-412.42%" title="INDONESIA" mc_name="ID"></area>
      <area zoom="710.9999%" zoom_x="-387.81%" zoom_y="-350.19%" title="IRAN" mc_name="IR"></area>
      <area zoom="833%" zoom_x="-445.04%" zoom_y="-424.85%" title="IRAQ" mc_name="IQ"></area>
      <area zoom="1047.7359%" zoom_x="-429.58%" zoom_y="-406.36%" title="IRELAND" mc_name="IE"></area>
      <area zoom="1664%" zoom_x="-877.76%" zoom_y="-894.8%" title="ISRAEL" mc_name="IL"></area>
      <area zoom="1048%" zoom_x="-474.35%" zoom_y="-478.34%" title="ITALY" mc_name="IT"></area>
      <area zoom="1218%" zoom_x="-247.07%" zoom_y="-730.34%" title="JAMAICA" mc_name="JM"></area>
      <area zoom="557%" zoom_x="-413.17%" zoom_y="-252.31%" title="JAPAN" mc_name="JP"></area>
      <area zoom="1665%" zoom_x="-878.32%" zoom_y="-895.37%" title="JORDAN" mc_name="JO"></area>
      <area zoom="1606.7421%" zoom_x="-1039.87%" zoom_y="-837.21%" title="KASHMIR REGION" mc_name="KA" oid="KA" link_with="IN"></area>
      <area zoom="480.9999%" zoom_x="-243.58%" zoom_y="-187.12%" title="KAZAKHSTAN" mc_name="KZ"></area>
      <area zoom="434.8025%" zoom_x="-181.29%" zoom_y="-282%" title="KENYA" mc_name="KE"></area>
      <area zoom="990%" zoom_x="-764.44%" zoom_y="-479.89%" title="NORTH KOREA" mc_name="KP"></area>
      <area zoom="994%" zoom_x="-767.35%" zoom_y="-484.45%" title="SOUTH KOREA" mc_name="KR"></area>
      <area zoom="3693%" zoom_x="-1885.58%" zoom_y="-1827.75%" title="KOSOVO" mc_name="KV"></area>
      <area zoom="1273%" zoom_x="-704.14%" zoom_y="-683.69%" title="KUWAIT" mc_name="KW"></area>
      <area zoom="908%" zoom_x="-550.56%" zoom_y="-415.08%" title="KYRGYZSTAN" mc_name="KG"></area>
      <area zoom="1132%" zoom_x="-787.02%" zoom_y="-667.72%" title="LAO PEOPLE'S DEMOCRATIC REPUBLIC" mc_name="LA"></area>
      <area zoom="978%" zoom_x="-460.5%" zoom_y="-357.35%" title="LATVIA" mc_name="LV"></area>
      <area zoom="1895%" zoom_x="-1017.59%" zoom_y="-1021.94%" title="LEBANON" mc_name="LB"></area>
      <area zoom="701.798%" zoom_x="-330.35%" zoom_y="-527.47%" title="LESOTHO" mc_name="LS"></area>
      <area zoom="1240%" zoom_x="-513.38%" zoom_y="-800.31%" title="LIBERIA" mc_name="LR"></area>
      <area zoom="501.371%" zoom_x="-196.25%" zoom_y="-241.52%" title="LIBYA" mc_name="LY"></area>
      <area zoom="2632.0127%" zoom_x="-1250.31%" zoom_y="-1236.94%" title="LIECHTENSTEIN" mc_name="LI"></area>
      <area zoom="1100%" zoom_x="-517.61%" zoom_y="-422.2%" title="LITHUANIA" mc_name="LT"></area>
      <area zoom="1962.6429%" zoom_x="-885.13%" zoom_y="-860.04%" title="LUXEMBOURG" mc_name="LU"></area>
      <area zoom="1737%" zoom_x="-864.02%" zoom_y="-847.85%" title="MACEDONIA" mc_name="MK"></area>
      <area zoom="456.5847%" zoom_x="-189.3%" zoom_y="-303.28%" title="MADAGASCAR" mc_name="MG"></area>
      <area zoom="655.1965%" zoom_x="-300.4%" zoom_y="-474.64%" title="MALAWI" mc_name="MW"></area>
      <area zoom="781%" zoom_x="-564.35%" zoom_y="-494%" title="MALAYSIA" mc_name="MY"></area>
      <area zoom="653%" zoom_x="-247.54%" zoom_y="-374.27%" title="MALI" mc_name="ML"></area>
      <area zoom="2346.3003%" zoom_x="-1136.1%" zoom_y="-1222.64%" title="MALTA" mc_name="MT"></area>
      <area zoom="2398.9286%" zoom_x="-638.33%" zoom_y="-1501.71%" title="MARTINIQUE" mc_name="MQ"></area>
      <area zoom="697.8707%" zoom_x="-265.58%" zoom_y="-398.39%" title="MAURITANIA" mc_name="MR"></area>
      <area zoom="1573%" zoom_x="-906.75%" zoom_y="-1197.9%" title="MAURITIUS" mc_name="MU"></area>
      <area zoom="431.8754%" zoom_x="-31.3%" zoom_y="-214.46%" title="MEXICO" mc_name="MX"></area>
      <area zoom="1595%" zoom_x="-817.53%" zoom_y="-739.54%" title="MOLDOVA" mc_name="MD"></area>
      <area zoom="403%" zoom_x="-257.64%" zoom_y="-151.47%" title="MONGOLIA" mc_name="MN"></area>
      <area zoom="2290.3464%" zoom_x="-1145.79%" zoom_y="-1124.57%" title="MONTENEGRO" mc_name="ME"></area>
      <area zoom="3000%" zoom_x="-825.67%" zoom_y="-1865.82%" title="MONTSERRAT" mc_name="MS"></area>
      <area zoom="684%" zoom_x="-265.94%" zoom_y="-333.77%" title="MOROCCO" mc_name="MA"></area>
      <area zoom="427.5819%" zoom_x="-173.81%" zoom_y="-281.5%" title="MOZAMBIQUE" mc_name="MZ"></area>
      <area zoom="818%" zoom_x="-541.05%" zoom_y="-463.91%" title="MYANMAR" mc_name="MM"></area>
      <area zoom="443.9998%" zoom_x="-180.91%" zoom_y="-292.39%" title="NAMIBIA" mc_name="NA"></area>
      <area zoom="1089.9073%" zoom_x="-714.76%" zoom_y="-605.61%" title="NEPAL" mc_name="NP"></area>
      <area zoom="1758.1259%" zoom_x="-790.74%" zoom_y="-736.24%" title="NETHERLANDS" mc_name="NL"></area>
      <area zoom="1636.471%" zoom_x="-1452.33%" zoom_y="-1263.61%" title="NEW CALEDONIA" mc_name="NC"></area>
      <area zoom="403%" zoom_x="-315.45%" zoom_y="-296.76%" title="NEW ZEALAND" mc_name="NZ"></area>
      <area zoom="1201%" zoom_x="-222.62%" zoom_y="-732.57%" title="NICARAGUA" mc_name="NI"></area>
      <area zoom="563%" zoom_x="-227.99%" zoom_y="-300.23%" title="NIGER" mc_name="NE"></area>
      <area zoom="727.9061%" zoom_x="-297.44%" zoom_y="-441.51%" title="NIGERIA" mc_name="NG"></area>
      <area zoom="551.999%" zoom_x="-238.24%" zoom_y="-145.79%" title="NORWAY" mc_name="NO"></area>
      <area zoom="751.27%" zoom_x="-403.19%" zoom_y="-411.8%" title="OMAN" mc_name="OM"></area>
      <area zoom="912%" zoom_x="-549.49%" zoom_y="-478.44%" title="PAKISTAN" mc_name="PK"></area>
      <area zoom="3000%" zoom_x="-2460.82%" zoom_y="-1987.4%" title="PALAU" mc_name="PW"></area>
      <area zoom="2282%" zoom_x="-1228.15%" zoom_y="-1237.31%" title="PALESTINIAN TERRITORIES" mc_name="PS"></area>
      <area zoom="1349%" zoom_x="-277.9%" zoom_y="-838.6%" title="PANAMA" mc_name="PA"></area>
      <area zoom="782%" zoom_x="-602.82%" zoom_y="-522.49%" title="PAPUA NEW GUINEA" mc_name="PG"></area>
      <area zoom="601%" zoom_x="-119.62%" zoom_y="-449.25%" title="PARAGUAY" mc_name="PY"></area>
      <area zoom="509%" zoom_x="-87.82%" zoom_y="-325.16%" title="PERU" mc_name="PE"></area>
      <area zoom="892.8318%" zoom_x="-661.94%" zoom_y="-552.15%" title="PHILIPPINES" mc_name="PH"></area>
      <area zoom="1055%" zoom_x="-484.3%" zoom_y="-414.19%" title="POLAND" mc_name="PL"></area>
      <area zoom="1024%" zoom_x="-424.53%" zoom_y="-483.3%" title="PORTUGAL" mc_name="PT"></area>
      <area zoom="1731%" zoom_x="-424.08%" zoom_y="-1051.76%" title="PUERTO RICO" mc_name="PR"></area>
      <area zoom="1610%" zoom_x="-926.75%" zoom_y="-925.73%" title="QATAR" mc_name="QA"></area>
      <area zoom="1484%" zoom_x="-842.52%" zoom_y="-1132.59%" title="REUNION" mc_name="RE"></area>
      <area zoom="1137%" zoom_x="-552.25%" zoom_y="-521.95%" title="ROMANIA" mc_name="RO"></area>
      <area zoom="170.0113%" zoom_x="-69.48%" zoom_y="-3.21%" title="RUSSIAN FEDERATION" mc_name="RU"></area>
      <area zoom="1028%" zoom_x="-496.1%" zoom_y="-696.37%" title="RWANDA" mc_name="RW"></area>
      <area zoom="3000%" zoom_x="-812.96%" zoom_y="-1861.19%" title="SAINT KITTS AND NEVIS" mc_name="KN"></area>
      <area zoom="2992.1429%" zoom_x="-826.54%" zoom_y="-1903.34%" title="SAINT LUCIA" mc_name="LC"></area>
      <area zoom="2722.5%" zoom_x="-2628.53%" zoom_y="-2046.89%" title="SAMOA" mc_name="WS"></area>
      <area zoom="2625%" zoom_x="-1209.68%" zoom_y="-1793.34%" title="SAO TOME AND PRINCIPE" mc_name="ST"></area>
      <area zoom="669%" zoom_x="-334.77%" zoom_y="-355.15%" title="SAUDI ARABIA" mc_name="SA"></area>
      <area zoom="648%" zoom_x="-242.96%" zoom_y="-365.15%" title="SENEGAL" mc_name="SN"></area>
      <area zoom="1196.9999%" zoom_x="-576.69%" zoom_y="-557.21%" title="SERBIA" mc_name="RS"></area>
      <area zoom="1044%" zoom_x="-421.95%" zoom_y="-646.2%" title="SIERRA LEONE" mc_name="SL"></area>
      <area zoom="2992.1429%" zoom_x="-2216.81%" zoom_y="-2043.16%" title="SINGAPORE" mc_name="SG"></area>
      <area zoom="1604%" zoom_x="-781.43%" zoom_y="-716.37%" title="SLOVAKIA" mc_name="SK"></area>
      <area zoom="1693%" zoom_x="-817.27%" zoom_y="-791.01%" title="SLOVENIA" mc_name="SI"></area>
      <area zoom="1374.1561%" zoom_x="-1183.5%" zoom_y="-979.04%" title="SOLOMON ISLANDS" mc_name="SB"></area>
      <area zoom="481.4507%" zoom_x="-211.69%" zoom_y="-266.36%" title="SOMALIA" mc_name="SO"></area>
      <area zoom="443%" zoom_x="-176.46%" zoom_y="-291.06%" title="SOUTH AFRICA" mc_name="ZA"></area>
      <area zoom="2938.2143%" zoom_x="-1008.69%" zoom_y="-2852.35%" title="SOUTH GEORGIA AND THE SOUTH SANDWICH ISLANDS" mc_name="GS"></area>
      <area zoom="1043.4748%" zoom_x="-442.32%" zoom_y="-484.9%" title="SPAIN" mc_name="ES"></area>
      <area zoom="646.0023%" zoom_x="-387.28%" zoom_y="-374.11%" title="SRI LANKA" mc_name="LK"></area>
      <area zoom="510.8955%" zoom_x="-207.38%" zoom_y="-274.05%" title="SUDAN" mc_name="SD"></area>
      <area zoom="1015%" zoom_x="-242.88%" zoom_y="-635.9%" title="SURINAME" mc_name="SR"></area>
      <area zoom="299%" zoom_x="-111.46%" zoom_y="-8.65%" title="SVALBARD AND JAN MAYEN" mc_name="SJ"></area>
      <area zoom="700.9997%" zoom_x="-326.75%" zoom_y="-522.25%" title="SWAZILAND" mc_name="SZ"></area>
      <area zoom="529.9826%" zoom_x="-221.69%" zoom_y="-141.36%" title="SWEDEN" mc_name="SE"></area>
      <area zoom="1447.4103%" zoom_x="-661.57%" zoom_y="-665.32%" title="SWITZERLAND" mc_name="CH"></area>
      <area zoom="1014%" zoom_x="-519.06%" zoom_y="-521.74%" title="SYRIAN ARAB REPUBLIC" mc_name="SY"></area>
      <area zoom="1400%" zoom_x="-1065.66%" zoom_y="-809.6%" title="TAIWAN" mc_name="TW"></area>
      <area zoom="1269%" zoom_x="-786.59%" zoom_y="-625.76%" title="TAJIKISTAN" mc_name="TJ"></area>
      <area zoom="462%" zoom_x="-188.9%" zoom_y="-306.01%" title="TANZANIA" mc_name="TZ"></area>
      <area zoom="913.7939%" zoom_x="-621.14%" zoom_y="-546.94%" title="THAILAND" mc_name="TH"></area>
      <area zoom="1587%" zoom_x="-1249.11%" zoom_y="-1150.28%" title="TIMOR-LESTE" mc_name="TL"></area>
      <area zoom="1263%" zoom_x="-541.02%" zoom_y="-811.45%" title="TOGO" mc_name="TG"></area>
      <area zoom="2992.1429%" zoom_x="-2882.31%" zoom_y="-2336.93%" title="TONGA" mc_name="TO"></area>
      <area zoom="2542.7381%" zoom_x="-688.53%" zoom_y="-1631.02%" title="TRINIDAD AND TOBAGO" mc_name="TT"></area>
      <area zoom="612%" zoom_x="-239.34%" zoom_y="-300.82%" title="TUNISIA" mc_name="TN"></area>
      <area zoom="844%" zoom_x="-410.28%" zoom_y="-401.67%" title="TURKEY" mc_name="TR"></area>
      <area zoom="1079.8826%" zoom_x="-632.49%" zoom_y="-518.1%" title="TURKMENISTAN" mc_name="TM"></area>
      <area zoom="3000%" zoom_x="-730.58%" zoom_y="-1793.2%" title="TURKS AND CAICOS ISLANDS" mc_name="TC"></area>
      <area zoom="526%" zoom_x="-224.67%" zoom_y="-322.8%" title="UGANDA" mc_name="UG"></area>
      <area zoom="857%" zoom_x="-410.42%" zoom_y="-360.06%" title="UKRAINE" mc_name="UA"></area>
      <area zoom="884%" zoom_x="-478.43%" zoom_y="-490.12%" title="UNITED ARAB EMIRATES" mc_name="AE"></area>
      <area zoom="891%" zoom_x="-368.17%" zoom_y="-334%" title="UNITED KINGDOM" mc_name="GB"></area>
      <area zoom="204.5925%" zoom_x="21.07%" zoom_y="-42.54%" title="UNITED STATES" mc_name="US"></area>
      <area zoom="566%" zoom_x="-111.55%" zoom_y="-435.96%" title="URUGUAY" mc_name="UY"></area>
      <area zoom="921%" zoom_x="-541.92%" zoom_y="-434.26%" title="UZBEKISTAN" mc_name="UZ"></area>
      <area zoom="1912.8629%" zoom_x="-1726.07%" zoom_y="-1465.7%" title="VANUATU" mc_name="VU"></area>
      <area zoom="681%" zoom_x="-136.12%" zoom_y="-405.86%" title="VENEZUELA" mc_name="VE"></area>
      <area zoom="1052%" zoom_x="-731.35%" zoom_y="-624.47%" title="VIET NAM" mc_name="VN"></area>
      <area zoom="3000%" zoom_x="-810.22%" zoom_y="-1850.76%" title="VIRGIN ISLANDS, BRITISH" mc_name="VG"></area>
      <area zoom="564.0007%" zoom_x="-201.16%" zoom_y="-297.05%" title="WESTERN SAHARA" mc_name="EH"></area>
      <area zoom="769.9695%" zoom_x="-411.54%" zoom_y="-445.45%" title="YEMEN" mc_name="YE"></area>
      <area zoom="377%" zoom_x="-140.95%" zoom_y="-238.45%" title="ZAMBIA" mc_name="ZM"></area>
      <area zoom="474%" zoom_x="-191.95%" zoom_y="-315.99%" title="ZIMBABWE" mc_name="ZW"></area>
      <area zoom="971%" zoom_x="-401.15%" zoom_y="-409.7%" title="GUERNSEY" mc_name="GG"></area>
      <area zoom="971%" zoom_x="-401.15%" zoom_y="-409.7%" title="JERSEY" mc_name="JE"></area>
      <area zoom="743.6453%" zoom_x="-285.64%" zoom_y="-267.69%" title="ISLE OF MAN" mc_name="IM"></area>
      <area zoom="1071%" zoom_x="-664.6%" zoom_y="-697.61%" title="MALDIVES" mc_name="MV"></area>
      <area zoom="366.9853%" zoom_x="-290.73%" zoom_y="-218.45%" title="NAURU" mc_name="NR"></area>
      <area title="borders" mc_name="borders" color="#FFFFFF" balloon="false"></area>
      <area title="Kashmir line of control (UN)" mc_name="KA_line_of_control" color="#FFFFFF" balloon="false" alpha="50"></area>
  </areas>
  <movies>
    <movie file="home" x="50" y="71" url="!ammap_data.xml"></movie>
  </movies>  
  <labels>
    <label x="60" y="60" url="!ammap_data.xml" remain="true" color_hover="#CC0000" zoom_x="0%" zoom_y="0" zoom="100%">
      <text><![CDATA[<b>Back to world map</b>]]></text>
    </label>
  </labels>
</map>
