<?xml version="1.0" encoding="UTF-8"?>
<map map_file="maps/mexico.swf" tl_long="-118.390549" tl_lat="32.77794" br_long="-86.735161" br_lat="14.59382" zoom="86.6071%" zoom_x="5.69%" zoom_y="8.75%">
  <areas>
    <area mc_name="aguascalientes" title="Aguascalientes"></area>
    <area mc_name="baja_california" title="Baja California"></area>
    <area mc_name="baja_california_sur" title="Baja California Sur"></area>
    <area mc_name="campeche" title="Campeche"></area>
    <area mc_name="chiapas" title="Chiapas"></area>
    <area mc_name="chihuahua" title="Chihuahua"></area>
    <area mc_name="coahuila" title="Coahuila"></area>
    <area mc_name="colima" title="Colima"></area>
    <area mc_name="distrito_federal" title="Distrito Federal (Mexico)"></area>
    <area mc_name="durango" title="Durango"></area>
    <area mc_name="federally_administered_territory" title="Federally Administered Territory"></area>
    <area mc_name="guanajuato" title="Guanajuato"></area>
    <area mc_name="guerrero" title="Guerrero"></area>
    <area mc_name="hidalgo" title="Hidalgo"></area>
    <area mc_name="jalisco" title="Jalisco"></area>
    <area mc_name="mexico" title="Mexico"></area>
    <area mc_name="michoacan" title="Michoacan"></area>
    <area mc_name="morelos" title="Morelos"></area>
    <area mc_name="nayarit" title="Nayarit"></area>
    <area mc_name="nuevo_leon" title="Nuevo Leon"></area>
    <area mc_name="oaxaca" title="Oaxaca"></area>
    <area mc_name="puebla" title="Puebla"></area>
    <area mc_name="queretaro" title="Queretaro"></area>
    <area mc_name="quintana_roo" title="Quintana Roo"></area>
    <area mc_name="san_luis_potosi" title="San Luis Potosi"></area>
    <area mc_name="sinaloa" title="Sinaloa"></area>
    <area mc_name="sonora" title="Sonora"></area>
    <area mc_name="tabasco" title="Tabasco"></area>
    <area mc_name="tamaulipas" title="Tamaulipas"></area>
    <area mc_name="tlaxcala" title="Tlaxcala"></area>
    <area mc_name="veracruz" title="Veracruz"></area>
    <area mc_name="yucatan" title="Yucatan"></area>
    <area mc_name="zacatecas" title="Zacatecas"></area>
 </areas>

  <movies>
    <movie title="Mexico City. Click to zoom in" file="target" color="#CC0000" width="15" height="15" fixed_size="true" long="-99.132889" lat="19.43187" zoom="686.9999%" zoom_x="-356.16%" zoom_y="-437.22%"></movie>
  </movies>

  <labels>
    <label x="20.7174%" y="6.81%" text_size="18" color="#FFFFFF" remain="false">
      <text>States of Mexico</text>
    </label>
  </labels>
</map>