﻿<?xml version="1.0" encoding="UTF-8"?>
<map map_file="maps/albania.swf" tl_long="19.264607" tl_lat="42.660369" br_long="21.057415" br_lat="39.645083" zoom="85%" zoom_x="92%" zoom_y="10.08%">
  <areas>
    <area mc_name="AL_BE" title="Berat"></area>
    <area mc_name="AL_DB" title="Dibër"></area>
    <area mc_name="AL_DU" title="Durrës"></area>
    <area mc_name="AL_EB" title="Elbasan"></area>
    <area mc_name="AL_FI" title="Fier"></area>
    <area mc_name="AL_GK" title="Gjirokastër"></area>
    <area mc_name="AL_KE" title="Korçë"></area>
    <area mc_name="AL_KK" title="Kukës"></area>
    <area mc_name="AL_LZ" title="Lezhë"></area>
    <area mc_name="AL_SD" title="Shkodër"></area>
    <area mc_name="AL_TI" title="Tiranë"></area>
    <area mc_name="AL_VR" title="Vlorë"></area>
    <area mc_name="borders" title="borders" color="#FFFFFF" balloon="false"></area>
  </areas>

  <movies>
    <movie title="Tiranë" file="target" color="#666666" height="10" width="10" lat="41.333369" long="19.810272" fixed_size="true"></movie>
  </movies>

  <labels>
    <label x="133" y="153" text_size="18" color="#FFFFFF" remain="false">
      <text>Albania</text>
    </label>
  </labels>
</map>