<?xml version="1.0" encoding="UTF-8"?>
<map map_file="maps/lebanon.swf" tl_long="35.103525" tl_lat="34.691364" br_long="36.639191" br_lat="33.053814" zoom="90%" zoom_x="28.69%" zoom_y="5.16%">

  <areas>
    <area mc_name="LB_NA" title="An Nabaţīyah"/>
    <area mc_name="LB_BA" title="Beirut"/>
    <area mc_name="LB_BQ" title="Beqaa"/>
    <area mc_name="LB_JL" title="Mount Lebanon"/>
    <area mc_name="LB_NL" title="North Lebanon"/>
    <area mc_name="LB_JA" title="South Lebanon"/>
    <area title="borders" mc_name="borders_outside" color="#ffffff" balloon="false" alpha="0"></area>
    <area title="borders" mc_name="borders_inside" color="#ffffff" balloon="false"></area>
  </areas>

  <movies>
    <movie title="Beirut" file="target" color="#CC0000" height="10" width="10" lat="33.89275" long="35.485271" fixed_size="true"></movie>
  </movies>

  <labels>
    <label x="999" y="423" text_size="18" color="#FFFFFF" remain="false">
      <text>Lebanon</text>
    </label>
  </labels>
</map>