<?xml version="1.0" encoding="UTF-8"?>
<map map_file="maps/hong_kong.swf" tl_long="113.834603" tl_lat="22.562078" br_long="114.440987" br_lat="22.153181" zoom="90%" zoom_x="5.55%" zoom_y="3.86%">
  <areas>
    <area mc_name="HK_CW" title="Central and Western"/>
    <area mc_name="HK_EA" title="Eastern"/>
    <area mc_name="HK_IS" title="Islands"/>
    <area mc_name="HK_KC" title="Kowloon City"/>
    <area mc_name="HK_KI" title="Kwai Tsing"/>
    <area mc_name="HK_KU" title="Kwun Tong"/>
    <area mc_name="HK_NO" title="North"/>
    <area mc_name="HK_SK" title="Sai Kung"/>
    <area mc_name="HK_SS" title="Sham Shui Po"/>
    <area mc_name="HK_ST" title="Sha Tin"/>
    <area mc_name="HK_SO" title="Southern"/>
    <area mc_name="HK_TP" title="Tai Po"/>
    <area mc_name="HK_TW" title="Tsuen Wan"/>
    <area mc_name="HK_TM" title="Tuen Mun"/>
    <area mc_name="HK_WC" title="Wan Chai"/>
    <area mc_name="HK_WT" title="Wong Tai Sin"/>
    <area mc_name="HK_YT" title="Yau Tsim Mong"/>
    <area mc_name="HK_YL" title="Yuen Long"/>
    <area title="borders" mc_name="borders_outside" color="#ffffff" balloon="false" alpha="0"></area>
    <area title="borders" mc_name="borders_inside" color="#ffffff" balloon="false"></area>
  </areas>

  <movies>

  </movies>

  <labels>
    <label x="999" y="423" text_size="18" color="#FFFFFF" remain="false">
      <text>Hong Kong</text>
    </label>
  </labels>
</map>