<?xml version="1.0" encoding="UTF-8"?>
<map map_file="maps/st_lucia.swf" tl_long="-61.389108" tl_lat="8.53476" br_long="-56.470425" br_lat="1.1861" zoom="90%" zoom_x="37.72%" zoom_y="4.02%">   
<areas>
    <area mc_name="GI" title="Gros Islet"/>
    <area mc_name="CS" title="Castries"/>
    <area mc_name="DE" title="Dennery"/>
    <area mc_name="MI" title="Micoud"/>
    <area mc_name="SF" title="Soufriere"/>
    <area mc_name="CH" title="Choiseul"/>
    <area mc_name="LA" title="Laborie"/>
    <area mc_name="AN" title="Anse-La-Raye"/>
    <area mc_name="CN" title="Canaries"/>
    <area mc_name="VF" title="Vieux Fort"/>
    <area mc_name="borders" title="borders" color="#FFFFFF" balloon="false"></area>

  </areas>

  <movies>
    <movie title="Castries" file="target" color="#CC0000" height="10" width="10" long="-58.027145" lat="6.55495162970366" fixed_size="true"></movie>
  </movies> 

  <labels>
    <label x="683" y="166" text_size="18" color="#FFFFFF" remain="false">
      <text>ST.LUCIA</text>
    </label>
  </labels>
</map>