<?xml version="1.0" encoding="UTF-8"?>
<map map_file="maps/tajikistan.swf" tl_long="67.387131" tl_lat="41.042128" br_long="75.137376" br_lat="36.671874" zoom="90%" zoom_x="5.7%" zoom_y="11.38%">
  <areas>
    <area mc_name="TJ_BG" title="Gorno-Badakhshan"/>
    <area mc_name="TJ_RR" title="Regions of Republican Subordination"/>
    <area mc_name="TJ_KT" title="Khatlon"/>
    <area mc_name="TJ_SU" title="Sughd"/>
    <area title="borders" mc_name="borders" color="#ffffff" balloon="false"></area>
  </areas>

  <movies>
    <movie title="Dushanbe" file="target" color="#CC0000" height="10" width="10" lat="38.572204" long="68.771538" fixed_size="true"></movie>
  </movies>

  <labels>
    <label x="614" y="244" text_size="18" color="#FFFFFF" remain="false">
      <text>Tajikistan</text>
    </label>
  </labels>
</map>