<?xml version="1.0" encoding="UTF-8"?>
<map map_file="maps/russia.swf" tl_long="19.649611" tl_lat="81.851927" br_long="191.009712" br_lat="41.196582" zoom="90%" zoom_x="5.53%" zoom_y="6.55%">
         <!-- NOTE: The actual br_long coordinate is -169.006967, but because Russia straddles 180/-180 degrees longitude, amMap currently cannot calibrate -->
         <!-- that correctly with the rest of the map. Consequently, real-world coordinates will not work in far east Russia -- very eastern part of Chukotka -->
         <!-- Autonomous Okrug that borders the Bering Strait. The rest of the map is calibrated.  A fix for this is being researched. -->
  <areas>
    <area mc_name="RU_ALT" title="Altai Krai"></area>
    <area mc_name="RU_AL" title="Altai Republic"></area>
    <area mc_name="RU_AMU" title="Amur Oblast"></area>
    <area mc_name="RU_ARK" title="Arkhangelsk Oblast"></area>
    <area mc_name="RU_AST" title="Astrakhan Oblast"></area>
    <area mc_name="RU_BEL" title="Belgorod Oblast"></area>
    <area mc_name="RU_BRY" title="Bryansk Oblast"></area>
    <area mc_name="RU_BU" title="Buryat Republic"></area>
    <area mc_name="RU_CE" title="Chechen Republic"></area>
    <area mc_name="RU_CHE" title="Chelyabinsk Oblast"></area>
    <area mc_name="RU_CHU" title="Chukotka Autonomous Okrug"></area>
    <area mc_name="RU_CU" title="Chuvash Republic"></area>
    <area mc_name="RU_IRK" title="Irkutsk Oblast"></area>
    <area mc_name="RU_IVA" title="Ivanovo Oblast"></area>
    <area mc_name="RU_YEV" title="Jewish Autonomous Oblast"></area>
    <area mc_name="RU_KB" title="Kabardino-Balkar Republic"></area>
    <area mc_name="RU_KGD" title="Kaliningrad Oblast"></area>
    <area mc_name="RU_KLU" title="Kaluga Oblast"></area>
    <area mc_name="RU_KAM" title="Kamchatka Krai"></area>
    <area mc_name="RU_KC" title="Karachay-Cherkess Republic"></area>
    <area mc_name="RU_KEM" title="Kemerovo Oblast"></area>
    <area mc_name="RU_KHA" title="Khabarovsk Krai"></area>
    <area mc_name="RU_KHM" title="Khanty-Mansi Autonomous Oblast"></area>
    <area mc_name="RU_KIR" title="Kirov Oblast"></area>
    <area mc_name="RU_KO" title="Komi Republic"></area>
    <area mc_name="RU_KOS" title="Kostroma Oblast"></area>
    <area mc_name="RU_KDA" title="Krasnodar Krai"></area>
    <area mc_name="RU_KYA" title="Krasnoyarsk Krai"></area>
    <area mc_name="RU_KGN" title="Kurgan Oblast"></area>
    <area mc_name="RU_KRS" title="Kursk Oblast"></area>
    <area mc_name="RU_LEN" title="Leningrad Oblast"></area>
    <area mc_name="RU_LIP" title="Lipetsk Oblast"></area>
    <area mc_name="RU_MAG" title="Magadan Oblast"></area>
    <area mc_name="RU_ME" title="Mari El Republic"></area>
    <area mc_name="RU_MOW" title="Moscow"></area>
    <area mc_name="RU_MOS" title="Moscow Oblast"></area>
    <area mc_name="RU_MUR" title="Murmansk Oblast"></area>
    <area mc_name="RU_NEN" title="Nenets Autonomous Okrug"></area>
    <area mc_name="RU_NIZ" title="Nizhny Novgorod Oblast"></area>
    <area mc_name="RU_NGR" title="Novgorod Oblast"></area>
    <area mc_name="RU_NVS" title="Novosibirsk Oblast"></area>
    <area mc_name="RU_OMS" title="Omsk Oblast"></area>
    <area mc_name="RU_ORE" title="Orenburg Oblast"></area>
    <area mc_name="RU_ORL" title="Oryol Oblast"></area>
    <area mc_name="RU_PNZ" title="Penza Oblast"></area>
    <area mc_name="RU_PER" title="Perm Krai"></area>
    <area mc_name="RU_PRI" title="Primorsky Krai"></area>
    <area mc_name="RU_PSK" title="Pskov Oblast"></area>
    <area mc_name="RU_AD" title="Republic of Adygea"></area>
    <area mc_name="RU_BA" title="Republic of Bashkortostan"></area>
    <area mc_name="RU_DA" title="Republic of Dagestan"></area>
    <area mc_name="RU_IN" title="Republic of Ingushetia"></area>
    <area mc_name="RU_KL" title="Republic of Kalmykia"></area>
    <area mc_name="RU_KR" title="Republic of Karelia"></area>
    <area mc_name="RU_KK" title="Republic of Khakassia"></area>
    <area mc_name="RU_MO" title="Republic of Mordovia"></area>
    <area mc_name="RU_SE" title="Republic of North Ossetia-Alania"></area>
    <area mc_name="RU_TA" title="Republic of Tatarstan"></area>
    <area mc_name="RU_ROS" title="Rostov Oblast"></area>
    <area mc_name="RU_RYA" title="Ryazan Oblast"></area>
    <area mc_name="RU_SPE" title="Saint Petersburg"></area>
    <area mc_name="RU_SA" title="Sakha (Yakutia) Republic"></area>
    <area mc_name="RU_SAK" title="Sakhalin Oblast"></area>
    <area mc_name="RU_SAM" title="Samara Oblast"></area>
    <area mc_name="RU_SAR" title="Saratov Oblast"></area>
    <area mc_name="RU_SMO" title="Smolensk Oblast"></area>
    <area mc_name="RU_STA" title="Stavropol Krai"></area>
    <area mc_name="RU_SVE" title="Sverdlovsk Oblast"></area>
    <area mc_name="RU_TAM" title="Tambov Oblast"></area>
    <area mc_name="RU_TOM" title="Tomsk Oblast"></area>
    <area mc_name="RU_TUL" title="Tula Oblast"></area>
    <area mc_name="RU_TVE" title="Tver Oblast"></area>
    <area mc_name="RU_TYU" title="Tyumen Oblast"></area>
    <area mc_name="RU_TY" title="Tyva Republic"></area>
    <area mc_name="RU_UD" title="Udmurt Republic"></area>
    <area mc_name="RU_ULY" title="Ulyanovsk Oblast"></area>
    <area mc_name="RU_VLA" title="Vladimir Oblast"></area>
    <area mc_name="RU_VGG" title="Volgograd Oblast"></area>
    <area mc_name="RU_VLG" title="Vologda Oblast"></area>
    <area mc_name="RU_VOR" title="Voronezh Oblast"></area>
    <area mc_name="RU_YAN" title="Yamalo-Nenets Autonomous Okrug"></area>
    <area mc_name="RU_YAR" title="Yaroslavl Oblast"></area>
    <area mc_name="RU_ZAB" title="Zabaykalsky Krai"></area>
    <area mc_name="borders" title="borders" color="#FFFFFF" balloon="false"></area>
  </areas>

  <movies>
    <movie long="37.617026" lat="55.756353" title="Moscow" file="circle" color="#CC0000" width="10" height="10" fixed_size="true"></movie>
    <movie long="30.306998" lat="59.950078" title="St. Petersburg" file="circle" color="#CC0000" width="10" height="10" fixed_size="true"></movie>
  </movies>

  <labels>
    <label x="9.6596%" y="21.2691%" text_size="18" color="#FFFFFF" remain="false">
      <text>Russian Federation </text>
    </label>
  </labels>
</map>